{"tel": {"time": [0.0, 109.437, 109.463, 109.676, 109.763, 109.916, 110.063, 110.156, 110.363, 110.396, 110.636, 110.663, 110.876, 110.963, 111.076, 111.263, 111.316, 111.556, 111.563, 111.796, 111.863, 112.036, 112.163, 112.276, 112.463, 112.556, 112.763, 112.796, 113.036, 113.064, 113.112], "rpm": [10493.0, 10493.0, 10521.284650501182, 10753.0, 10805.2000384, 10897.0, 11240.000149333333, 11457.0, 11482.012507733334, 11486.0, 11291.0, 11209.887307733334, 10570.0, 10687.4500864, 10840.0, 11064.4000768, 11128.0, 11326.0, 11331.220881066667, 11505.0, 11477.920807466666, 11408.0, 10999.483127466667, 10636.0, 10692.1000192, 10720.0, 10814.012529066667, 10829.0, 11020.0, 11031.316666666668, 11050.716666666667], "speed": [197.0, 197.0, 197.76150982118565, 204.0, 205.81250133333333, 209.0, 212.06250133333333, 214.0, 214.0, 214.0, 228.0, 228.56250133333333, 233.0, 235.1750016, 238.0, 243.45416853333333, 245.0, 249.0, 249.14583466666667, 254.0, 255.39583466666667, 259.0, 261.1166677333333, 263.0, 266.33928685714284, 268.0, 270.5875008, 271.0, 276.0, 276.35, 276.95000000000005], "gear": [5, 5, 5, 5, 5, 5, 5, 5, 5, 5, 5, 5, 6, 6, 6, 6, 6, 6, 6, 6, 6, 6, 6, 7, 7, 7, 7, 7, 7, 7, 7], "throttle": [100.0, 100.0, 100.0, 100.0, 100.0, 100.0, 100.0, 100.0, 100.0, 100.0, 100.0, 100.0, 100.0, 100.0, 100.0, 100.0, 100.0, 100.0, 100.0, 100.0, 100.0, 100.0, 100.0, 100.0, 100.0, 100.0, 100.0, 100.0, 100.0, 100.0, 100.0], "brake": [0, 0, 0, 0, 0, 0, 0, 0, 0, 0, 0, 0, 0, 0, 0, 0, 0, 0, 0, 0, 0, 0, 0, 0, 0, 0, 0, 0, 0, 0, 0], "drs": [0, 0, 0, 0, 0, 0, 0, 0, 0, 0, 0, 0, 0, 0, 1, 1, 1, 1, 1, 1, 1, 1, 1, 1, 1, 1, 1, 1, 1, 1, 1], "distance": [NaN, 5988.635833333333, 5990.0938348480095, 6002.179166666667, 6007.187723333919, 6016.1125, 6024.849511653684, 6030.3791666666675, 6042.635867260096, 6044.645833333334, 6059.845833333334, 6061.582001303087, 6075.3791666666675, 6081.09132024988, 6088.601388888889, 6101.299956578427, 6104.934722222223, 6121.534722222223, 6122.023637137848, 6138.468055555557, 6143.257272154451, 6155.734722222223, 6164.975594168748, 6173.268055555556, 6187.157762989143, 6194.112500000001, 6209.676254257834, 6212.179166666669, 6230.579166666668, 6232.7402994021995, 6236.450547313488], "rel_distance": [NaN, 0.9583075910636261, 0.9585409019474704, 0.9604748090249184, 0.9612762833519737, 0.9627044351824872, 0.9641025406649298, 0.9649874016787537, 0.9669487313616674, 0.9672703681750202, 0.9697026876196406, 0.9699805109822695, 0.9721883474029589, 0.9731024120234264, 0.9743041808379722, 0.9763362185425835, 0.9769178574341653, 0.9795742063013164, 0.9796524429628979, 0.9822838955071655, 0.9830502708136123, 0.9850469250517123, 0.9865256587701846, 0.9878526268672174, 0.9900752719639807, 0.9911881760471208, 0.9936787038176882, 0.9940792224045426, 0.997023609100662, 0.9973694357569145, 0.9979631533976373], "acc_x": [0.0006441461373094157, 2.7125610839956185, 5.197435007497896, 7.125803207039646, 6.3428986148603625, 5.787037037037019, 4.45601810699583, 2.527005761316804, 5.346331497309348, 9.798449516452152, 11.727461862131086, 9.02001892449256, 6.2847223045268485, 6.911008395061801, 7.570730534979363, 7.008485391086799, 6.007331004455557, 5.235726066183979, 5.412168740940613, 5.787037037037018, 5.623713909465085, 5.237911440329298, 4.920818577307522, 4.808568512639663, 4.576535778953506, 4.122023703703589, 4.3043256980056395, 4.841545459515719, 4.841545459515919, 4.1632117191821205, 2.3148148148149525], "acc_y": [NaN, NaN, NaN, NaN, NaN, NaN, NaN, NaN, NaN, NaN, NaN, NaN, NaN, NaN, NaN, NaN, NaN, NaN, NaN, NaN, NaN, NaN, NaN, NaN, NaN, NaN, NaN, NaN, NaN, NaN, NaN], "acc_z": [NaN, NaN, NaN, NaN, NaN, NaN, NaN, NaN, NaN, NaN, NaN, NaN, NaN, NaN, NaN, NaN, NaN, NaN, NaN, NaN, NaN, NaN, NaN, NaN, NaN, NaN, NaN, NaN, NaN, NaN, NaN], "x": [NaN, NaN, -418.0, -425.56416863155874, -431.0, -443.85919262227094, -457.0, -464.164512110379, -478.0, -480.15506985760135, -497.410075896287, -500.0, -526.134241521565, -539.0, -557.2228653555651, -586.0, -592.1938347598127, -615.1635585366997, -616.0, -650.0473562925412, -659.0, -676.8090620862389, -689.0, -701.4408554902495, -724.0, -735.2553397760671, -762.0, -766.8223367346282, -805.4651578274791, -810.0, -817.7150123151765], "y": [NaN, NaN, -2648.0, -2632.252797813579, -2621.0, -2594.430709961554, -2567.0, -2551.7203813165306, -2522.0, -2517.5103303292817, -2482.3597071141726, -2477.0, -2422.127496955588, -2395.0, -2356.599124912238, -2296.0, -2282.967098543619, -2234.7517572285524, -2233.0, -2161.7587071693224, -2143.0, -2105.5653501884435, -2080.0, -2054.057754414277, -2007.0, -1983.3272364183777, -1927.0, -1916.9175729138274, -1836.4740288841574, -1827.0, -1810.8520442814684], "z": [NaN, NaN, 1484.0, 1484.8099371975522, 1485.0, 1485.1362060335325, 1485.0, 1484.76442874416, 1484.0, 1483.8828835092772, 1483.087570638454, 1483.0, 1482.3055559536556, 1482.0, 1481.5734288801996, 1481.0, 1480.9337852653985, 1480.9979337704556, 1481.0, 1481.0043221880799, 1481.0, 1480.9982921828637, 1481.0, 1481.0004441894632, 1481.0, 1480.9999245870652, 1481.0, 1481.0000069629941, 1481.0000015241226, 1481.0, 1480.999997992696], "dataKey": "2018-German Grand Prix-Practice 1-SIR-7"}}