{"tel": {"time": [0.0, 109.437, 109.463, 109.676, 109.763, 109.916, 110.063, 110.156, 110.363, 110.396, 110.636, 110.663, 110.876, 110.963, 111.076, 111.263, 111.316, 111.556, 111.563, 111.796, 111.863, 112.036, 112.163, 112.276, 112.463, 112.556, 112.763, 112.796, 113.036, 113.064, 113.112], "rpm": [10493, 10493, 10623, 10753, 10825, 10897, 11177, 11457, 11471, 11486, 11291, 10930, 10570, 10705, 10840, 10984, 11128, 11326, 11415, 11505, 11456, 11408, 11022, 10636, 10678, 10720, 10774, 10829, 11020, 11068, 11092], "speed": [197, 197, 200, 204, 206, 209, 211, 214, 214, 214, 228, 230, 233, 235, 238, 241, 245, 249, 251, 254, 256, 259, 261, 263, 265, 268, 269, 271, 276, 277, 278], "gear": [5, 5, 5, 5, 5, 5, 5, 5, 5, 5, 5, 5, 6, 6, 6, 6, 6, 6, 6, 6, 6, 6, 6, 7, 7, 7, 7, 7, 7, 7, 7], "throttle": [0, 0, 0, 0, 0, 0, 0, 0, 0, 0, 0, 0, 0, 0, 0, 0, 0, 0, 0, 0, 0, 0, 0, 0, 0, 0, 0, 0, 0, 0, 0], "brake": [33096.909209012985, 5988.635833333333, 5990.0938348480095, 6002.179166666667, 6007.187723333919, 6016.1125, 6024.849511653684, 6030.3791666666675, 6042.635867260096, 6044.645833333334, 6059.845833333334, 6061.582001303087, 6075.3791666666675, 6081.09132024988, 6088.601388888889, 6101.299956578427, 6104.934722222223, 6121.534722222223, 6122.023637137848, 6138.468055555557, 6143.257272154451, 6155.734722222223, 6164.975594168748, 6173.268055555556, 6187.157762989143, 6194.112500000001, 6209.676254257834, 6212.179166666669, 6230.579166666668, 6232.7402994021995, 6236.450547313488], "drs": [0, 0, 0, 0, 0, 0, 0, 0, 0, 0, 0, 0, 0, 0, 1, 1, 1, 1, 1, 1, 1, 1, 1, 1, 1, 1, 1, 1, 1, 1, 1], "distance": [33096.909209012985, 5988.635833333333, 5990.0938348480095, 6002.179166666667, 6007.187723333919, 6016.1125, 6024.849511653684, 6030.3791666666675, 6042.635867260096, 6044.645833333334, 6059.845833333334, 6061.582001303087, 6075.3791666666675, 6081.09132024988, 6088.601388888889, 6101.299956578427, 6104.934722222223, 6121.534722222223, 6122.023637137848, 6138.468055555557, 6143.257272154451, 6155.734722222223, 6164.975594168748, 6173.268055555556, 6187.157762989143, 6194.112500000001, 6209.676254257834, 6212.179166666669, 6230.579166666668, 6232.7402994021995, 6236.450547313488], "rel_distance": [5.296201040968299, 0.9583075910636261, 0.9585409019474704, 0.9604748090249184, 0.9612762833519737, 0.9627044351824872, 0.9641025406649298, 0.9649874016787537, 0.9669487313616674, 0.9672703681750202, 0.9697026876196406, 0.9699805109822695, 0.9721883474029589, 0.9731024120234264, 0.9743041808379722, 0.9763362185425835, 0.9769178574341653, 0.9795742063013164, 0.9796524429628979, 0.9822838955071655, 0.9830502708136123, 0.9850469250517123, 0.9865256587701846, 0.9878526268672174, 0.9900752719639807, 0.9911881760471208, 0.9936787038176882, 0.9940792224045426, 0.997023609100662, 0.9973694357569145, 0.9979631533976373], "acc_x": [0.002537640826377667, 2.7144545786846868, 4.566306430536466, 6.492781135389147, 5.324074074074058, 5.401234567901215, 4.398148148148093, 2.854938271604872, 5.674264007597415, 10.29695786250108, 12.225970208180014, 9.020842003051756, 5.78703703703712, 5.7098765432099725, 6.867283950617264, 7.080594530821967, 7.4779554544987334, 6.706350516227156, 5.721434997750725, 5.401234567901221, 5.0154320987655066, 5.015432098765517, 4.320987654321051, 4.431216931216973, 4.1225749559082345, 4.045414462081008, 4.766144349477622, 5.604544939122162, 6.88378470520424, 6.438628010047379, 4.3656595191683305], "acc_y": [-0.4440209860926436, -0.19110974288019955, -0.5147311103296236, -0.8339154486742002, -0.6461953701655612, -0.10311558430642076, 0.07522740385555582, -0.500008073575999, -0.3211096887879685, -0.34629854426675444, -0.5347954624752831, -0.3859376876248152, 0.28059584619207323, 0.39038886439339393, -0.4633298981346877, -0.9647934858227623, -0.43163570054937367, 0.39231351164636064, 0.5059492891557427, 0.1963899427276344, 0.2664160761766397, -0.44325400046942726, -0.8101054458703245, 0.2773518007833277, 1.8103270445491648, 2.357067295103557, -1.0360894040964248, -1.1245363261270207, -0.8793913047028281, -0.7746538455528778, -0.41233296437912204], "acc_z": [3.4417827857211796, 5.627463171019112, 6.900501734169853, 7.2279905106217255, 7.3655903156374585, 5.941588774843231, 5.464921517176751, 6.213397983964441, 4.723200335061115, 2.5624052246382036, 0.2882146440973279, -0.5825338077401169, -2.695514473889454, -4.79375459605775, -2.041472043402599, 0.18064268445783926, -0.5678337823298507, -2.5914315179637937, -2.4352372494122276, -0.4919029790958145, -0.8941930904091107, -0.7945290086701495, 1.1661113084824126, 0.8091626375833111, 1.5022088317815725, 15.434425814269687, 26.008324727633507, 26.008324727633507, 24.153500652560034, 24.153500652560034, 25.839328460518537], "x": [978236, -417, -418, -425, -431, -443, -457, -464, -478, -480, -497, -500, -526, -539, -557, -586, -592, -615, -616, -650, -659, -676, -689, -701, -724, -735, -762, -766, -805, -810, -818], "y": [4448625, -2648, -2648, -2632, -2621, -2594, -2567, -2551, -2522, -2517, -2482, -2477, -2422, -2395, -2356, -2296, -2282, -2234, -2233, -2161, -2143, -2105, -2080, -2054, -2007, -1983, -1927, -1916, -1836, -1827, -1811], "z": [-2881679, 1483, 1484, 1484, 1485, 1485, 1485, 1484, 1484, 1483, 1483, 1483, 1482, 1482, 1481, 1481, 1480, 1480, 1481, 1481, 1481, 1480, 1481, 1481, 1481, 1480, 1481, 1481, 1481, 1481, 1480], "dataKey": "SIR - Lap 7 - 2018 - Practice 1 - [113.112]"}}