{"tel": {"time": [0.0, 109.437, 109.463, 109.676, 109.763, 109.916, 110.063, 110.156, 110.363, 110.396, 110.636, 110.663, 110.876, 110.963, 111.076, 111.263, 111.316, 111.556, 111.563, 111.796, 111.863, 112.036, 112.163, 112.276, 112.463, 112.556, 112.763, 112.796, 113.036, 113.064, 113.112], "rpm": [10493, 10493, 10623, 10753, 10825, 10897, 11177, 11457, 11471, 11486, 11291, 10930, 10570, 10705, 10840, 10984, 11128, 11326, 11415, 11505, 11456, 11408, 11022, 10636, 10678, 10720, 10774, 10829, 11020, 11068, 11092], "speed": [197, 197, 200, 204, 206, 209, 211, 214, 214, 214, 228, 230, 233, 235, 238, 241, 245, 249, 251, 254, 256, 259, 261, 263, 265, 268, 269, 271, 276, 277, 278], "gear": [5, 5, 5, 5, 5, 5, 5, 5, 5, 5, 5, 5, 6, 6, 6, 6, 6, 6, 6, 6, 6, 6, 6, 7, 7, 7, 7, 7, 7, 7, 7], "throttle": [100, 100, 100, 100, 100, 100, 100, 100, 100, 100, 100, 100, 100, 100, 100, 100, 100, 100, 100, 100, 100, 100, 100, 100, 100, 100, 100, 100, 100, 100, 100], "brake": [0, 0, 0, 0, 0, 0, 0, 0, 0, 0, 0, 0, 0, 0, 0, 0, 0, 0, 0, 0, 0, 0, 0, 0, 0, 0, 0, 0, 0, 0, 0], "drs": [0, 0, 0, 0, 0, 0, 0, 0, 0, 0, 0, 0, 0, 0, 1, 1, 1, 1, 1, 1, 1, 1, 1, 1, 1, 1, 1, 1, 1, 1, 1], "distance": [NaN, 5988.635833333333, 5990.0938348480095, 6002.179166666667, 6007.187723333919, 6016.1125, 6024.849511653684, 6030.3791666666675, 6042.635867260096, 6044.645833333334, 6059.845833333334, 6061.582001303087, 6075.3791666666675, 6081.09132024988, 6088.601388888889, 6101.299956578427, 6104.934722222223, 6121.534722222223, 6122.023637137848, 6138.468055555557, 6143.257272154451, 6155.734722222223, 6164.975594168748, 6173.268055555556, 6187.157762989143, 6194.112500000001, 6209.676254257834, 6212.179166666669, 6230.579166666668, 6232.7402994021995, 6236.450547313488], "rel_distance": [NaN, 0.9583075910636261, 0.9585409019474704, 0.9604748090249184, 0.9612762833519737, 0.9627044351824872, 0.9641025406649298, 0.9649874016787537, 0.9669487313616674, 0.9672703681750202, 0.9697026876196406, 0.9699805109822695, 0.9721883474029589, 0.9731024120234264, 0.9743041808379722, 0.9763362185425835, 0.9769178574341653, 0.9795742063013164, 0.9796524429628979, 0.9822838955071655, 0.9830502708136123, 0.9850469250517123, 0.9865256587701846, 0.9878526268672174, 0.9900752719639807, 0.9911881760471208, 0.9936787038176882, 0.9940792224045426, 0.997023609100662, 0.9973694357569145, 0.9979631533976373], "acc_x": [0.002537640826377667, 2.7144545786846868, 4.566306430536466, 6.492781135389147, 5.324074074074058, 5.401234567901215, 4.398148148148093, 2.854938271604872, 5.674264007597415, 10.29695786250108, 12.225970208180014, 9.020842003051756, 5.78703703703712, 5.7098765432099725, 6.867283950617264, 7.080594530821967, 7.4779554544987334, 6.706350516227156, 5.721434997750725, 5.401234567901221, 5.0154320987655066, 5.015432098765517, 4.320987654321051, 4.431216931216973, 4.1225749559082345, 4.045414462081008, 4.766144349477622, 5.604544939122162, 6.88378470520424, 6.438628010047379, 4.3656595191683305], "acc_y": [NaN, NaN, NaN, NaN, NaN, NaN, NaN, NaN, NaN, NaN, NaN, NaN, NaN, NaN, NaN, NaN, NaN, NaN, NaN, NaN, NaN, NaN, NaN, NaN, NaN, NaN, NaN, NaN, NaN, NaN, NaN], "acc_z": [NaN, NaN, NaN, NaN, NaN, NaN, NaN, NaN, NaN, NaN, NaN, NaN, NaN, NaN, NaN, NaN, NaN, NaN, NaN, NaN, NaN, NaN, NaN, NaN, NaN, NaN, NaN, NaN, NaN, NaN, NaN], "x": [NaN, NaN, -418.0, -425.56416863155874, -431.0, -443.85919262227094, -457.0, -464.164512110379, -478.0, -480.15506985760135, -497.410075896287, -500.0, -526.134241521565, -539.0, -557.2228653555651, -586.0, -592.1938347598127, -615.1635585366997, -616.0, -650.0473562925412, -659.0, -676.8090620862389, -689.0, -701.4408554902495, -724.0, -735.2553397760671, -762.0, -766.8223367346282, -805.4651578274791, -810.0, -817.7150123151765], "y": [NaN, NaN, -2648.0, -2632.252797813579, -2621.0, -2594.430709961554, -2567.0, -2551.7203813165306, -2522.0, -2517.5103303292817, -2482.3597071141726, -2477.0, -2422.127496955588, -2395.0, -2356.599124912238, -2296.0, -2282.967098543619, -2234.7517572285524, -2233.0, -2161.7587071693224, -2143.0, -2105.5653501884435, -2080.0, -2054.057754414277, -2007.0, -1983.3272364183777, -1927.0, -1916.9175729138274, -1836.4740288841574, -1827.0, -1810.8520442814684], "z": [NaN, NaN, 1484.0, 1484.8099371975522, 1485.0, 1485.1362060335325, 1485.0, 1484.76442874416, 1484.0, 1483.8828835092772, 1483.087570638454, 1483.0, 1482.3055559536556, 1482.0, 1481.5734288801996, 1481.0, 1480.9337852653985, 1480.9979337704556, 1481.0, 1481.0043221880799, 1481.0, 1480.9982921828637, 1481.0, 1481.0004441894632, 1481.0, 1480.9999245870652, 1481.0, 1481.0000069629941, 1481.0000015241226, 1481.0, 1480.999997992696], "dataKey": "2018-German Grand Prix-Practice 1-SIR-7"}}