{"tel": {"time": [0.0, 0.114, 0.222, 0.413, 0.462, 0.713, 0.742, 0.982, 1.013, 1.221, 1.313, 1.422, 1.613, 1.662, 1.902, 1.913, 2.182, 2.213, 2.422, 2.513, 2.662, 2.813, 2.902, 3.113, 3.142, 3.382, 3.413, 3.622, 3.713, 3.862, 4.013, 4.102, 4.303, 4.313, 4.543, 4.613, 4.782, 4.913, 5.062, 5.213, 5.301, 5.414, 5.541, 5.714, 5.781, 5.982, 6.014, 6.222, 6.314, 6.462, 6.614, 6.702, 6.914, 6.941, 7.142, 7.214, 7.382], "rpm": [11612.049346133334, 11029.7, 10478.0, 10602.1500416, 10634.0, 10833.9036224, 10857.0, 10967.0, 10995.535616124354, 11187.0, 11213.547272134454, 11245.0, 11367.5583744, 11399.0, 11399.0, 11406.7000448, 11595.0, 11618.508381866666, 11777.0, 11780.4125024, 11786.0, 11376.4123264, 11135.0, 10688.383197866668, 10627.0, 10709.0, 10711.970839466667, 10732.0, 10754.370849066667, 10791.0, 10812.391675733334, 10825.0, 10905.0, 10903.6666496, 10873.0, 10679.108483987686, 10211.0, 9424.999616, 8531.0, 7469.577240213626, 6851.0, 6060.000448, 5171.0, 4123.629554133333, 3718.0, 3696.0, 3694.9333333333334, 3688.0, 3665.383333333333, 3629.0, 3629.0, 3629.0, 3562.4728211620895, 3554.0, 3578.0, 3585.8, 3604.0], "speed": [252.4500032, 255.3, 258.0, 260.3875008, 261.0, 265.482144, 266.0, 269.0, 269.51882938407914, 273.0, 274.37313476557523, 276.0, 278.3875008, 279.0, 282.0, 282.1178578285714, 285.0, 285.3875008, 288.0, 288.75833386666665, 290.0, 291.25833386666665, 292.0, 295.51666773333335, 296.0, 297.0, 297.12916693333335, 298.0, 298.75833386666665, 300.0, 300.62916693333335, 301.0, 304.0, 303.8333312, 300.0, 298.24267508145937, 294.0, 271.0749888, 245.0, 219.72802952889586, 205.0, 176.75001600000002, 145.0, 130.58333866666666, 125.0, 65.0, 57.0, 5.0, 26.466666666666665, 61.0, 61.0, 61.0, 61.0, 61.0, 21.0, 14.7, 0.0], "gear": [6, 6, 7, 7, 7, 7, 7, 7, 7, 7, 7, 7, 7, 7, 7, 7, 7, 7, 7, 7, 7, 7, 7, 7, 8, 8, 8, 8, 8, 8, 8, 8, 8, 8, 8, 8, 8, 8, 8, 8, 8, 8, 8, 8, 8, 8, 8, 8, 8, 8, 8, 8, 8, 8, 8, 8, 8], "throttle": [100.0, 100.0, 100.0, 100.0, 100.0, 100.0, 100.0, 100.0, 100.0, 100.0, 100.0, 100.0, 100.0, 100.0, 100.0, 100.0, 100.0, 100.0, 100.0, 100.0, 100.0, 100.0, 100.0, 100.0, 100.0, 100.0, 100.0, 100.0, 100.0, 100.0, 100.0, 100.0, 87.0, 86.5416608, 76.0, 69.55647529868443, 54.0, 28.735701942857144, 0.0, 0.0, 0.0, 0.0, 0.0, 0.0, 0.0, 0.0, 0.0, 0.0, 0.0, 0.0, 0.0, 0.0, 0.0, 0.0, 0.0, 0.0, 0.0], "brake": [0, 0, 0, 0, 0, 0, 0, 0, 0, 0, 0, 0, 0, 0, 0, 0, 0, 0, 0, 0, 0, 0, 0, 0, 0, 0, 0, 0, 0, 0, 0, 0, 0, 0, 0, 0, 0, 0, 1, 1, 1, 1, 1, 1, 1, 1, 1, 1, 1, 1, 1, 1, 1, 1, 1, 1, 1], "drs": [0, 0, 0, 0, 1, 1, 1, 1, 1, 1, 1, 1, 1, 1, 1, 1, 1, 1, 1, 1, 1, 1, 1, 1, 1, 1, 1, 1, 1, 1, 1, 1, 1, 1, 1, 1, 1, 1, 0, 0, 0, 0, 0, 0, 0, 0, 0, 0, 0, 0, 0, 0, 0, 0, 0, 0, 0], "distance": [0.02383051116674921, 8.178054312896762, 15.939999999999998, 29.762995910742504, 33.34, 51.873615946546046, 54.028888888888886, 71.96222222222221, 74.29783633259785, 90.08638888888888, 97.12125711801022, 105.49638888888887, 120.28208797163242, 124.09638888888887, 142.89638888888885, 143.76249784267938, 165.06305555555554, 167.53320716053338, 184.26305555555555, 191.57980383548625, 203.59638888888887, 215.81596982696342, 223.06305555555556, 240.40599507408533, 242.79638888888888, 262.5963888888889, 265.1575071864282, 282.46305555555557, 290.0345429432754, 302.46305555555557, 315.0628768607899, 322.52972222222223, 339.50305555555553, 340.3425089302905, 359.50305555555553, 365.3439869264262, 379.02138888888885, 388.41814721110075, 398.0769444444444, 407.1094911813588, 411.6866666666666, 416.57556683622573, 421.3533333333333, 427.6830355081441, 429.6866666666666, 433.3158333333333, 433.5115547739098, 433.6491666666666, 434.82810157217887, 437.71583333333325, 440.2869270560373, 441.7824999999999, 445.49877282161555, 445.83222222222213, 447.00472222222214, 447.09749540009926, 447.00472222222214], "rel_distance": [5.331154232169767e-05, 0.01829523024329742, 0.03565957854037088, 0.06658318006749434, 0.07458534181530523, 0.11604713187069599, 0.12086872062624247, 0.16098761074485293, 0.16621264304152414, 0.2015334165622163, 0.2172712105482585, 0.236007325301684, 0.2690846024481949, 0.27761762397488965, 0.3196753452144738, 0.32161292866881586, 0.3692646796547638, 0.3747906875069803, 0.4122172460271052, 0.4285856374918675, 0.4554680941103655, 0.4828046754272846, 0.499017223904545, 0.5378153364441883, 0.5431629171205624, 0.5874577511920395, 0.59318726179946, 0.631901726118976, 0.6488399977105582, 0.6766439827568316, 0.7048312046783274, 0.7215353802501466, 0.75950664205014, 0.761384593966535, 0.8042488986879955, 0.8173157212079755, 0.8479136126451561, 0.8689352212659714, 0.8905430404973351, 0.9107498667071575, 0.9209895247191647, 0.9319265460223283, 0.9426149487607949, 0.9567752067181235, 0.9612575556932347, 0.9693764110123122, 0.9698142619585023, 0.9701221152896098, 0.9727595256946976, 0.9792197074726404, 0.9849715342317006, 0.988317299655671, 0.9966310212717218, 0.9973769852046057, 1.0, 1.0002075440666844, 1.0], "acc_x": [4.62962569587132, 6.205093551686988, 5.047688743369886, 4.3052960039638215, 4.383267301587303, 4.436742449597759, 4.066600437871347, 3.96282810606555, 4.250187952344004, 4.429888217248973, 4.119223258092401, 3.7783882638034894, 3.5538164209799157, 3.464976071182573, 3.2996321558386756, 3.151374069998665, 3.158619964726628, 3.2069370487948086, 2.969392921810692, 2.583590452674894, 2.3148148148148167, 2.857510452674922, 3.6291153909465153, 3.3680888179050594, 2.439590802021193, 1.2821833946137908, 1.2744343297951475, 1.660236707818907, 1.8518518518518443, 1.7348250205761506, 2.0394758507166304, 2.705401751678138, 0.7763894059991121, -2.0253775101106983, -5.593221256690948, -12.435099738622846, -26.913292294628814, -40.436618997704784, -47.54819885556317, -51.14273245096392, -58.44305366358606, -57.19535993284924, -45.11317201646087, -44.62372296541983, -57.39747936521491, -72.82957813064696, -59.5947473462971, -41.99588477366254, -28.271604938271615, -18.84773662551441, -9.423868312757206, 0.0, -16.244314489928477, -31.94774686002748, -40.049598711879355, -31.907136073802764, -16.20370370370376], "acc_y": [-0.03198684827216662, 0.027111661698138036, 0.08137684725414872, 0.09221154554974006, 0.09447102125077501, 0.07260699553151018, 0.14448136230089675, 0.22985312485160214, 0.17679918222338828, 0.11979506082038698, 0.06021186500389577, -0.015096203997602673, -0.22685457804402417, -0.44409774460376916, -0.3051175962389042, -0.02266669155578266, 0.15094262767109345, 0.30303224625867475, 0.34690690693243775, 0.1975165204216377, 0.06356426927758052, 0.11094386087307967, 0.145983442067932, -0.0341264745534013, -0.2753861408482274, -0.29336339742216877, -0.15919719551478012, -0.05942555117585491, -0.15142209860274902, -0.252373983792722, -0.12529824179669982, 0.06246302106018844, 0.185773216483326, 0.20417704447995838, -0.05348905852666928, -1.6229232592493656, -7.575015781827719, -15.807297051821791, -20.635012018607, -26.16310544282358, -31.7751637592266, -33.17024253045658, -44.1954964347595, -44.10452895604371, -43.06082117100057, -37.781426282396716, -29.938331923564466, -25.185979182987545, -19.76886636462721, -14.30152402302153, -12.95129154221955, -1.944441465913263, -1.9246226443897707, -1.7196446034992479, -1.2212454355339717, -0.5901869045882666, -0.25887765860045947],