{"tel": {"time": [0.0, 0.094, 0.202, 0.393, 0.442, 0.693, 0.722, 0.962, 0.993, 1.201, 1.293, 1.402, 1.593, 1.642, 1.882, 1.893, 2.162, 2.193, 2.402, 2.493, 2.642, 2.793, 2.882, 3.093, 3.122, 3.362, 3.393, 3.602, 3.693, 3.842, 3.993, 4.082, 4.283, 4.293, 4.523, 4.593, 4.762, 4.893, 5.042, 5.193, 5.281, 5.394, 5.521, 5.694, 5.761, 5.962, 5.994, 6.202, 6.294, 6.442, 6.594, 6.682, 6.894, 6.921, 7.122, 7.194, 7.362], "rpm": [11397, 11091, 10478, 10556, 10634, 10745, 10857, 10967, 11077, 11187, 11216, 11245, 11322, 11399, 11399, 11497, 11595, 11686, 11777, 11781, 11786, 11460, 11135, 10881, 10627, 10709, 10720, 10732, 10761, 10791, 10808, 10825, 10905, 10889, 10873, 10542, 10211, 9371, 8531, 7691, 6851, 6011, 5171, 4444, 3718, 3696, 3692, 3688, 3658, 3629, 3629, 3629, 3591, 3554, 3578, 3591, 3604], "speed": [253, 255, 258, 259, 261, 263, 266, 269, 271, 273, 274, 276, 277, 279, 282, 283, 285, 286, 288, 289, 290, 291, 292, 294, 296, 297, 297, 298, 299, 300, 300, 301, 304, 302, 300, 297, 294, 269, 245, 225, 205, 175, 145, 135, 125, 65, 35, 5, 33, 61, 61, 61, 61, 61, 21, 10, 0], "gear": [6, 6, 7, 7, 7, 7, 7, 7, 7, 7, 7, 7, 7, 7, 7, 7, 7, 7, 7, 7, 7, 7, 7, 7, 8, 8, 8, 8, 8, 8, 8, 8, 8, 8, 8, 8, 8, 8, 8, 8, 8, 8, 8, 8, 8, 8, 8, 8, 8, 8, 8, 8, 8, 8, 8, 8, 8], "throttle": [100, 100, 100, 100, 100, 100, 100, 100, 100, 100, 100, 100, 100, 100, 100, 100, 100, 100, 100, 100, 100, 100, 100, 100, 100, 100, 100, 100, 100, 100, 100, 100, 87, 81, 76, 65, 54, 27, 0, 0, 0, 0, 0, 0, 0, 0, 0, 0, 0, 0, 0, 0, 0, 0, 0, 0, 0], "brake": [0, 0, 0, 0, 0, 0, 0, 0, 0, 0, 0, 0, 0, 0, 0, 0, 0, 0, 0, 0, 0, 0, 0, 0, 0, 0, 0, 0, 0, 0, 0, 0, 0, 0, 0, 0, 0, 0, 1, 1, 1, 1, 1, 1, 1, 1, 1, 1, 1, 1, 1, 1, 1, 1, 1, 1, 1], "drs": [0, 0, 0, 0, 1, 1, 1, 1, 1, 1, 1, 1, 1, 1, 1, 1, 1, 1, 1, 1, 1, 1, 1, 1, 1, 1, 1, 1, 1, 1, 1, 1, 1, 1, 1, 1, 1, 1, 0, 0, 0, 0, 0, 0, 0, 0, 0, 0, 0, 0, 0, 0, 0, 0, 0, 0, 0], "distance": [0.05147872752000687, 6.778054312896763, 14.540000000000001, 28.362995910742494, 31.939999999999998, 50.47361594654604, 52.62888888888888, 70.5622222222222, 72.89783633259785, 88.68638888888887, 95.72125711801021, 104.09638888888887, 118.88208797163239, 122.69638888888886, 141.49638888888887, 142.36249784267937, 163.66305555555556, 166.1332071605334, 182.86305555555558, 190.17980383548627, 202.1963888888889, 214.41596982696348, 221.6630555555556, 239.00599507408538, 241.3963888888889, 261.1963888888889, 263.7575071864282, 281.0630555555556, 288.6345429432754, 301.0630555555556, 313.6628768607899, 321.12972222222226, 338.1030555555556, 338.9425089302905, 358.10305555555556, 363.9439869264263, 377.6213888888889, 387.01814721110065, 396.6769444444444, 405.7094911813588, 410.28666666666663, 415.1755668362257, 419.9533333333333, 426.2830355081441, 428.28666666666663, 431.9158333333333, 432.11155477390975, 432.2491666666666, 433.4281015721789, 436.3158333333333, 438.8869270560373, 440.38249999999994, 444.0987728216156, 444.43222222222215, 445.60472222222216, 445.69749540009934, 445.60472222222216], "rel_distance": [0.00011552554304919253, 0.015210912216313006, 0.03262981578716065, 0.06365057302197513, 0.0716778759451108, 0.1132699305672415, 0.11810666778042572, 0.1583516033455161, 0.163593051637913, 0.19902479589222385, 0.21481203484705041, 0.23360701468728198, 0.26678821395511637, 0.2753480445112977, 0.317537902612991, 0.31948157356304563, 0.36728303672225704, 0.37282640617458074, 0.4103705513793055, 0.4267903690227142, 0.453757284888139, 0.4811797522200285, 0.4974432372487576, 0.536363245618599, 0.5417276273129462, 0.5861616268030275, 0.5919091383750931, 0.6307452357190012, 0.6477367239374405, 0.6756280634867601, 0.7039038439641286, 0.7206605006804113, 0.7587510605126494, 0.760634912574514, 0.803633888280408, 0.8167417641165124, 0.8474357879460933, 0.8685234422136476, 0.8901991488470412, 0.9104694608218993, 0.9207412897703932, 0.9317126729845977, 0.94243465652481, 0.9566394031514719, 0.9611358347613761, 0.9692801978834007, 0.9697194244687933, 0.9700282450128633, 0.9726739416285387, 0.9791544199923076, 0.984924317828852, 0.9882805949717518, 0.9966204366212809, 0.9973687442221151, 1.0, 1.0002081961282066, 1.0], "acc_x": [4.2619510177968385, 5.500647908667646, 4.688000154530517, 3.6306721995127793, 4.045414462081123, 4.953269342984325, 5.427051858587252, 5.323279526781453, 4.183943164396787, 3.8575717414785986, 3.233830845771166, 3.4653123272526303, 3.6852813020632937, 4.23493454095957, 4.069590625615671, 3.3935685828116195, 3.0753968253968234, 3.0092592592592413, 2.8549382716049285, 2.314814814814814, 2.1604938271604994, 2.314814814814828, 3.240740740740739, 3.501766946624434, 2.9175111040660076, 1.7601036966586054, 1.3447565031205893, 1.7746913580246855, 1.6975308641975266, 1.4660493827160552, 1.9715836526181412, 2.101769130354958, 0.1727567846759257, -2.647592300040974, -5.410919985536436, -12.509685417635207, -27.17017924479569, -38.425925925925924, -45.28061883361744, -52.1098983619019, -61.67779959646978, -58.52681039248196, -43.20987654320985, -44.24636078864936, -67.66606088932234, -83.09815965475441, -59.53081121178406, -24.382716049382694, -1.851851851851852, -1.234567901234568, -0.617283950617284, 0.0, -16.24431448992854, -33.54183178744586, -41.643683639297706, -30.91083299416633, -13.613315696649018], "acc_y": [-0.42025081065598385, -0.44262983832943925, -0.3125341168226955, -0.23391442122997247, -0.37484619729322755, -0.35478829417140145, -0.023626762336065154, 0.30118695476750146, 0.07887706466143032, -0.03433802024582597, 0.2378168951477893, 0.001869781091255629, -0.317393672422221, -0.3923693742887463, -0.34061421397589864, -0.05787127289423552, 0.14761837221260715, 0.46956361872309227, 0.4998526047221439, -0.058217863560319216, -0.12539336944701718, 0.13555399328876683, 0.11595332313660017, -0.014264881879844316, -0.2559285447469225, -0.3106775216927365, -0.18007770359513348, -0.0444242118532599, 0.1561712840953578, -0.051971342204987836, -0.21539507905021257, 0.027865215138540934, 0.0804879105267685, 0.0986110665224057, -0.031298921290335596, -1.6574745828592592, -7.7696215733990615, -15.969099584718075, -20.569933846631304, -26.41835869640289, -32.180651907845174, -33.49685791539053, -37.63629924824825, -37.64197760521173, -36.65131982921993, -31.320733538468463, -23.644614973481467, -19.002303113198106, -13.18851308987763, -7.500530793281858, -6.149020307558983, -2.0277021306969023, -2.0084491229010806, -1.6897823940391474, -1.1855421525494447, -0.5544836216037399, -0.21479169523703875], "acc_z": [-0.29832173596245, -0.23980254540090115, 0.07265676125215362, 0.3862324811936736, 0.30058874732261287, 0.08348024005562013, 0.20829456307984676, 0.45701495110413637, 0.5242751343403892, 0.8531847621029736, 1.548835991071197, 1.4549802878511673, 0.6608320973903092, 0.3445330254294566, 0.9456382379626467, 1.0701400210520917, 0.366440583554707, 0.1740312354056131, 0.2290344862979395, -0.48217638618862046, -0.5982872864940978, 0.011444693968841999, 0.07001892173892155, -0.5798435046537584, -0.6997284910804473, 0.060578334534724054, 0.24283385767011717, 0.030180570585910615, 0.6221178192460347, 0.7558763024739661, 0.5887560170006407, 0.6200034403887171, 0.26543401302510206, -0.38513673479014954, -0.8031718228102112, -1.0452347881433295, -1.8171571212034339, -2.4520539169067703, -2.4437992739042804, -2.195178261883431, -1.5961833809035206, -1.026767328173571, -0.970245124908236, -0.8138049428307004, -0.5680175582012911, 0.1373453283827134, 0.10466108243400815, -0.17310931124637816, -0.38376954773750405, -0.5693000992142783, -0.5015900715659869, 0.09245847298392987, 0.09341036824692955, 0.08384489019314292, 0.05208529644639971, 0.08476954239510497, 0.11803410671752172],