{"tel": {"time": [0.0, 0.003, 0.159, 0.303, 0.399, 0.603, 0.639, 0.879, 0.903, 1.119, 1.203, 1.359, 1.503, 1.599, 1.803, 1.839, 2.079, 2.103, 2.28, 2.403, 2.52, 2.704, 2.76, 3.0, 3.004, 3.24, 3.304, 3.48, 3.604, 3.72, 3.904, 3.96, 4.2, 4.204, 4.44, 4.504, 4.68, 4.804, 4.92], "rpm": [10944.523515500046, 10944.664572387454, 10952.0, 10940.6, 10933.0, 10930.45, 10930.0, 10977.0, 10978.4, 10991.0, 10988.9, 10985.0, 10996.4, 11004.0, 11021.0, 11024.0, 10900.0, 10788.597121340063, 9967.0, 9949.062528, 9932.0, 10099.133333333333, 10150.0, 10565.0, 10544.001344, 9305.0, 8857.0, 7625.0, 6757.001792, 5945.0, 4657.0, 4265.0, 2585.0, 2557.001792, 905.0, 663.6666666666666, 0.0, 0.0, 0.0], "speed": [314.50156770000314, 314.51097149249694, 315.0, 314.4, 314.0, 314.85, 315.0, 315.0, 315.0, 315.0, 315.35, 316.0, 316.6, 317.0, 316.15, 316.0, 317.0, 315.56716554778217, 305.0, 283.9875328, 264.0, 244.06666666666666, 238.0, 201.0, 200.8166784, 190.0, 192.66666666666666, 200.0, 190.70001919999999, 182.0, 173.56666666666666, 171.0, 110.0, 109.3000448, 68.0, 56.8, 26.0, 12.5666944, 0.0], "gear": [8, 8, 8, 8, 8, 8, 8, 8, 8, 8, 8, 8, 8, 8, 8, 8, 8, 8, 8, 8, 8, 8, 8, 8, 8, 7, 7, 5, 5, 4, 4, 4, 4, 4, 4, 4, 4, 4, 4], "throttle": [100.0, 100.0, 100.0, 100.0, 100.0, 100.0, 100.0, 100.0, 100.0, 100.0, 100.0, 100.0, 100.0, 100.0, 100.0, 100.0, 100.0, 88.77613012429362, 6.0, 2.9250048, 0.0, 0.7666666666666667, 1.0, 2.0, 1.9666688, 0.0, 2.1333333333333333, 8.0, 10.583328, 13.0, 9.933333333333334, 9.0, 0.0, 0.0, 0.0, 0.0, 0.0, 0.0, 0.0], "brake": [0, 0, 0, 0, 0, 0, 0, 0, 0, 0, 0, 0, 0, 0, 0, 0, 0, 0, 1, 1, 1, 1, 1, 1, 1, 1, 1, 1, 1, 1, 1, 1, 1, 1, 1, 1, 1, 1, 1], "drs": [0, 0, 0, 0, 0, 0, 0, 0, 0, 0, 0, 0, 0, 0, 0, 0, 0, 0, 0, 0, 0, 0, 0, 0, 0, 0, 0, 0, 0, 0, 0, 0, 0, 0, 0, 0, 0, 0, 0], "distance": [0.061377306134516196, 0.32386199700974183, 13.956944444444444, 26.513477668424212, 34.890277777777776, 52.73903191679057, 55.890277777777776, 76.89027777777778, 78.98966973208945, 97.89027777777778, 105.25405765899177, 118.95694444444445, 131.64189227046634, 140.09027777777777, 157.98969652371892, 161.15694444444443, 182.2902777777778, 184.37888691267844, 199.31944444444443, 208.63909356809086, 216.91944444444445, 229.2981800331228, 232.7861111111111, 246.1861111111111, 246.39875933140905, 258.85277777777776, 262.38525746350535, 272.1861111111111, 278.55551050418177, 284.3194444444444, 293.3590115671344, 295.7194444444444, 303.0527777777777, 303.14921856252874, 307.58611111111105, 308.30510297189574, 309.3194444444444, 309.4142173022923, 309.3194444444444], "rel_distance": [0.00019842692477595354, 0.0010470146731041026, 0.04512145839881461, 0.08571552207474042, 0.11279691078083608, 0.17050021543751614, 0.18068789008127162, 0.2485788693817072, 0.2553660015585489, 0.3164698486821428, 0.3402762404673077, 0.3845763549009924, 0.42558557062878083, 0.45289838803825605, 0.5107654864939951, 0.5210048942571057, 0.5893269273943694, 0.5960791997536189, 0.6443805846167663, 0.6745101134615664, 0.7012796910780837, 0.7412989521074421, 0.752575097660635, 0.7958960082618652, 0.7965834794962712, 0.8368461227605407, 0.8482662896759187, 0.8799515064433568, 0.9005431617934125, 0.9191774055947196, 0.9484014562809787, 0.9560325086435274, 0.9797404696690762, 0.9800522534462784, 0.9943963001212338, 0.99672073162303, 1.0, 1.0003063915300188, 1.0], "acc_x": [0.580499244215775, 0.5462487835685745, -0.12979419463459224, -0.28116404089410924, 0.13888888888890466, 0.5750134192163331, 0.4361245303274284, 0.05032206119161496, 0.10802469135803168, 0.4938271604938254, 0.8796296296296193, 1.157407407407401, 0.6327160493827184, -0.13888888888888887, -0.23953301127214904, -0.25245194092205225, -5.394565447463435, -15.42652402501297, -31.09261744104206, -37.845022042863725, -38.12908600959761, -35.78298991350154, -37.61291584480656, -31.82587880776951, -20.869509389462312, -2.9012381893004, 0.7355990123456785, -3.693409711934145, -12.839506172839496, -16.47634337448559, -29.416366731175604, -47.54206059611525, -59.50193713932509, -55.821186869054856, -48.611124938271644, -46.05967604938274, -39.88682271604939, -33.714005346956135, -20.061750532141353], "acc_y": [0.4270649274648169, 0.3518791997571314, 0.28387412283493546, 0.2648502042116347, 0.24610065263322928, 0.21979757262218713, 0.0945251821491902, 0.024326662322193077, 0.026488559425478064, 0.04948721776025108, 0.019812437156618998, -0.00034996984856913715, 0.0938728700463498, 0.2055589726258758, 0.1548952263983352, 0.016886746250187823, -0.08783861384844169, -0.05352003200762098, 0.05507408579499873, 0.09348840699904995, 0.10511925489917986, 0.13059119189854881, 0.1604512887632708, 0.16235315467495987, 0.10218923767578042, 0.06183547650823984, -0.01968211577115561, -0.08850877470821782, -0.34933558533254555, -0.4998918296623426, 0.27599300890714984, 3.1530483581995963, 4.758163814886551, 4.969591310060369, 5.044399518338266, 4.9459221326962135, 4.852092312270184, 5.179365310001778, 5.406458190358829], "acc_z": [-0.2974853088554781, -0.4707198161049979, -0.589118589536595, -0.4693172570906939, -0.31158110533137406, -0.2356583331967963, -0.2021786554716821, -0.2605428438579046, -0.3014721806110114, -0.2805908078708116, -0.10081024862110981, 0.029380469923929238, -0.2590707079781112, -0.6423917829097698, -0.6532679616423717, -0.5331065627375455, -0.38914716265028754, -0.36264153010374217, -0.43366303105491244, -0.5001962187258479, -0.5322461538133114, -0.2168516096285419, 0.1816885508827582, 0.026185862616237537, -0.36570478302014164, -0.44189288866218557, 0.15467017246468734, 0.7668627072248553, 0.501746587136749, -0.0045063334013158984, -0.003516201612670161, 0.20798563319025695, 0.3346140515280303, 0.5487429959748582, 0.5632119175830275, 0.14974580221220424, -0.2832499401385532, 0.041853315620306475, 0.5683642261323931], "x": [845.7614101233274, 847.0, 902.7872243886369, 967.0, 1032.1986260522551, 1207.0, 1237.8583836246348, 1443.555189793211, 1465.0, 1664.2423946322126, 1733.0, 1837.0976158599617, 1927.0, 1994.0429359468446, 2157.0, 2189.0041110671605, 2413.5680733361373, 2434.0, 2567.355844485075, 2655.0, 2742.0557322142513, 2876.0, 2912.6113529478735, 3048.9546442220744, 3051.0, 3160.836958613816, 3189.0, 3265.4648551225105, 3318.0, 3365.875283346222, 3438.0, 3458.583843545364, 3538.790355013283, 3540.0, 3605.234611764669, 3623.0, 3674.5180745679763, 3706.0, 3727.7542020162773], "y": [-690.5123995962064, -690.0, -666.8743897503459, -640.0, -612.5745389441721, -539.0, -526.0483724315264, -439.9665904958497, -431.0, -347.7102370010677, -319.0, -275.6144748071729, -238.0, -209.7550943838482, -141.0, -127.56365015948784, -33.57341923551262, -25.0, 31.18511751687317, 68.0, 104.26847333358302, 160.0, 175.37951985163863, 233.13668610359443, 234.0, 280.10390786662015, 292.0, 324.66713599258884, 347.0, 367.01480494554386, 397.0, 405.6891060880199, 439.5110877861554, 440.0, 465.7188728338222, 474.0, 502.6475256998649, 528.0, 555.5828429950633], "z": [-247.00577693098464, -247.0, -246.55310146548922, -246.0, -245.62095362046333, -245.0, -244.9630802441011, -245.02694161423636, -245.0, -244.33416453268956, -244.0, -243.38634967331973, -243.0, -242.92362483332755, -243.0, -242.99380870910392, -242.9587101644793, -243.0, -243.63306476871003, -244.0, -244.0534431411819, -244.0, -244.09989886943458, -244.98387461704465, -245.0, -245.8841131648899, -246.0, -245.93289694130425, -246.0, -246.4079964109293, -247.0, -246.91658051201887, -246.00042483963819, -246.0, -246.88868211690735, -247.0, -246.48357754566905, -246.0, -245.80368374881795], "dataKey": "2018-Azerbaijan Grand Prix-Race-VER-40"}}