{"tel": {"time": [0.0, 0.113, 0.209, 0.413, 0.449, 0.689, 0.713, 0.929, 1.013, 1.169, 1.313, 1.409, 1.613, 1.649, 1.889, 1.913, 2.09, 2.213, 2.33, 2.514, 2.57, 2.81, 2.814, 3.05, 3.114, 3.29, 3.414, 3.53, 3.714, 3.77, 4.01, 4.014, 4.25, 4.314, 4.49, 4.614, 4.73], "rpm": [10947, 10942, 10933, 10931, 10930, 10977, 10984, 10991, 10988, 10985, 10994, 11004, 11014, 11024, 10900, 10433, 9967, 9949, 9932, 10041, 10150, 10565, 9935, 9305, 8465, 7625, 6785, 5945, 5105, 4265, 2585, 1745, 905, 452, 0, 0, 0], "speed": [314, 314, 314, 314, 315, 315, 315, 315, 315, 316, 316, 317, 316, 316, 317, 311, 305, 284, 264, 251, 238, 201, 195, 190, 195, 200, 191, 182, 176, 171, 110, 89, 68, 47, 26, 13, 0], "gear": [8, 8, 8, 8, 8, 8, 8, 8, 8, 8, 8, 8, 8, 8, 8, 8, 8, 8, 8, 8, 8, 8, 8, 7, 7, 5, 5, 4, 4, 4, 4, 4, 4, 4, 4, 4, 4], "throttle": [0, 0, 0, 0, 0, 0, 0, 0, 0, 0, 0, 0, 0, 0, 0, 0, 0, 0, 0, 0, 0, 0, 0, 0, 0, 0, 0, 0, 0, 0, 0, 0, 0, 0, 0, 0, 0], "brake": [-0.01297638649426558, 9.838164727192137, 18.220833333333328, 36.06987978807773, 39.22083333333333, 60.220833333333324, 62.320248970808336, 81.22083333333333, 88.58460484909719, 102.2875, 114.9724486985131, 123.42083333333332, 141.3202520358853, 144.48749999999998, 165.6208333333333, 167.70944246511468, 182.64999999999995, 191.96964912463315, 200.24999999999997, 212.62873558861452, 216.11666666666662, 229.51666666666662, 229.729314886964, 242.18333333333328, 245.71581301906187, 255.51666666666662, 261.8860660597372, 267.6499999999999, 276.68956712269, 279.04999999999995, 286.38333333333327, 286.4797741180842, 290.91666666666663, 291.63565852745137, 292.65, 292.7447728578478, 292.65], "drs": [0, 0, 0, 0, 0, 0, 0, 0, 0, 0, 0, 0, 0, 0, 0, 0, 0, 0, 0, 0, 0, 0, 0, 0, 0, 0, 0, 0, 0, 0, 0, 0, 0, 0, 0, 0, 0], "distance": [-0.01297638649426558, 9.838164727192137, 18.220833333333328, 36.06987978807773, 39.22083333333333, 60.220833333333324, 62.320248970808336, 81.22083333333333, 88.58460484909719, 102.2875, 114.9724486985131, 123.42083333333332, 141.3202520358853, 144.48749999999998, 165.6208333333333, 167.70944246511468, 182.64999999999995, 191.96964912463315, 200.24999999999997, 212.62873558861452, 216.11666666666662, 229.51666666666662, 229.729314886964, 242.18333333333328, 245.71581301906187, 255.51666666666662, 261.8860660597372, 267.6499999999999, 276.68956712269, 279.04999999999995, 286.38333333333327, 286.4797741180842, 290.91666666666663, 291.63565852745137, 292.65, 292.7447728578478, 292.65], "rel_distance": [-4.4340975548489564e-05, 0.03361751145461178, 0.06226151830969871, 0.12325262186255842, 0.13401959109288683, 0.20577766387607493, 0.21295147435779374, 0.27753573665926307, 0.3026981201062606, 0.34952161284811206, 0.39286673056044114, 0.421735292442622, 0.48289852053950216, 0.49372116863147103, 0.565934848225981, 0.5730717323256951, 0.6241243806594907, 0.6559700978118338, 0.6842644797539723, 0.7265632516269076, 0.7384816903012699, 0.7842701748391138, 0.7849968046709858, 0.8275528219146875, 0.8396234854572421, 0.8731135030468705, 0.894878066153211, 0.9145737228771568, 0.9454623855208952, 0.9535281052451733, 0.9785864798678738, 0.9789160229560371, 0.9940771114528162, 0.996533943370755, 1.0, 1.0003238436967297, 1.0], "acc_x": [0.0, 0.0, 0.3858024691358134, 0.721282877079999, 0.721282877079999, 0.3354804079441856, 0.0, 0.38580246913579375, 0.6944444444444287, 1.080246913580242, 0.6944444444444483, 0.0, -0.050322061191627854, -1.803969648172544, -6.946083154713921, -15.61489689599144, -29.6791505435784, -34.302581928550914, -36.000112792748446, -35.82285219882118, -41.98905189342345, -36.20201485638641, -20.561374215745786, -0.38580246913580085, 2.62345679012346, -4.320987654320991, -12.80864197530865, -15.817901234567913, -29.51910243576912, -56.006655562666474, -67.96653210587633, -60.283849423193644, -45.37037037037034, -39.660493827160494, -36.72839506172838, -30.90144742443588, -20.407620263942043], "acc_y": [0.12833730261043827, -0.10454567260550224, -0.061633746431822484, -0.06452198657811781, -0.07774767785154321, 0.03814468807335493, 0.09542592289671235, 0.09591526508299335, 0.0016915505278778079, -0.062257600366940766, -0.027937349161700764, 0.11510671980696499, 0.16165798208394322, 0.023606813792115655, -0.07986615903412826, 0.010178496354870475, 0.17296763329410525, 0.06513458923723277, 0.09955536613454267, 0.28831778612255676, 0.22815076266364398, 0.38129189477517794, 0.3204755636502373, -0.04104477058352751, -0.21012886141306938, 0.024788462772796227, -0.2554254010882091, -0.38350693046287193, 0.5646200364454911, 2.4928236572916473, 3.8277738378441453, 4.0398670285343385, 4.38896796966945, 4.322882638938914, 3.9215457718357327, 4.304905272855489, 4.52407359020998], "acc_z": [-0.7529779949860217, -0.5863401634953793, -0.2575189936894806, -0.21685642513146927, -0.15938391049964784, -0.14027316430687156, -0.18288023745276888, -0.30008964661838955, 0.026365719826164508, 0.21057650492474905, -0.34188356645533535, -0.6922881236069367, -0.7073354530590494, -0.5870306584969457, -0.44086827564934444, -0.2320593952581546, -0.2306660658696771, -0.6165832704781489, -0.47413185194739627, 0.08454117189632138, 0.28329439107571214, 0.045610821688855996, -0.34696963318635465, -0.32041543199803446, 0.10664990547729697, 0.3135222894931887, 0.4010838810483314, 0.22195902581212532, 0.04910824185784976, 0.1351753894061763, 0.4458074572955955, 0.6606106029768811, 0.46878327274818327, 0.04171793527285185, 0.04171793527285185, 0.18133422179294806, 0.36180071699047645], "x": [905, 967, 1034, 1207, 1237, 1443, 1465, 1664, 1733, 1837, 1927, 1994, 2157, 2189, 2413, 2434, 2567, 2655, 2742, 2876, 2912, 3048, 3051, 3160, 3189, 3265, 3318, 3365, 3438, 3458, 3538, 3540, 3605, 3623, 3674, 3706, 3727], "y": [-665, -640, -611, -539, -526, -439, -431, -347, -319, -275, -238, -209, -141, -127, -33, -25, 31, 68, 104, 160, 175, 233, 234, 280, 292, 324, 347, 367, 397, 405, 439, 440, 465, 474, 502, 528, 555], "z": [-246, -246, -245, -245, -244, -245, -245, -244, -244, -243, -243, -242, -243, -242, -242, -243, -243, -244, -244, -244, -244, -244, -245, -245, -246, -245, -246, -246, -247, -246, -246, -246, -246, -247, -246, -246, -245], "dataKey": "VER - Lap 40 - 2018 - Race - [nan]"}}