{"tel": {"time": [0.0, 108.395, 108.421, 108.634, 108.721, 108.874, 109.021, 109.114, 109.321, 109.354, 109.594, 109.621, 109.834, 109.921, 110.034, 110.221, 110.274, 110.514, 110.521, 110.754, 110.821, 110.994, 111.121, 111.234, 111.421, 111.514, 111.721, 111.754, 111.994, 112.022, 112.234, 112.322, 112.474, 112.622, 112.714, 112.922, 112.954, 113.194, 113.222, 113.434, 113.522, 113.674, 113.821, 113.914, 114.121, 114.154, 114.394, 114.421, 114.635, 114.721, 114.874, 115.021, 115.114, 115.321, 115.354, 115.594, 115.621, 115.834, 115.921, 116.074, 116.221, 116.275, 116.515, 116.521, 116.755, 116.821, 116.994, 117.121, 117.234, 117.421, 117.514, 117.721, 117.754, 117.964], "rpm": [10150, 10150, 9986, 9823, 9861, 9900, 9794, 9688, 9588, 9489, 9692, 10037, 10383, 10365, 10348, 10261, 10174, 10259, 10415, 10572, 10818, 11065, 11309, 11553, 11997, 12441, 12196, 11952, 11722, 11950, 12179, 12438, 12697, 12759, 12821, 12121, 11421, 10656, 9887, 9119, 9178, 9237, 9464, 9691, 9174, 8658, 8744, 8160, 7576, 6985, 6395, 6665, 6936, 6976, 7017, 7057, 7063, 7069, 7048, 7028, 7025, 7023, 7056, 7072, 7089, 7067, 7045, 7079, 7113, 7061, 7010, 7013, 7016, 7020], "speed": [159, 159, 159, 159, 158, 157, 156, 156, 154, 153, 148, 145, 143, 140, 138, 136, 135, 135, 136, 137, 139, 142, 145, 148, 153, 159, 164, 169, 182, 185, 189, 192, 196, 199, 202, 206, 211, 206, 192, 178, 168, 158, 146, 134, 127, 120, 101, 94, 88, 82, 76, 74, 72, 75, 78, 81, 80, 80, 80, 80, 80, 80, 80, 80, 80, 80, 80, 80, 80, 80, 80, 80, 80, 80], "gear": [4, 4, 4, 4, 4, 4, 4, 4, 4, 4, 4, 4, 3, 3, 3, 3, 3, 3, 3, 3, 3, 3, 3, 3, 3, 3, 3, 3, 4, 4, 4, 4, 4, 4, 4, 4, 5, 5, 5, 5, 5, 5, 5, 4, 4, 3, 2, 2, 2, 2, 2, 2, 2, 2, 2, 2, 2, 2, 2, 2, 2, 2, 2, 2, 2, 2, 2, 2, 2, 2, 2, 2, 2, 2], "throttle": [0, 0, 0, 0, 0, 0, 0, 0, 0, 0, 0, 0, 0, 0, 0, 0, 0, 0, 0, 0, 0, 0, 0, 0, 0, 0, 0, 0, 0, 0, 0, 0, 0, 0, 0, 0, 0, 0, 0, 0, 0, 0, 0, 0, 0, 0, 0, 0, 0, 0, 0, 0, 0, 0, 0, 0, 0, 0, 0, 0, 0, 0, 0, 0, 0, 0, 0, 0, 0, 0, 0, 0, 0, 0], "brake": [-15071.406881093979, 4787.445833333333, 4788.601304857089, 4798.001666666667, 4801.807638845114, 4808.468333333333, 4814.854000567184, 4818.868333333334, 4827.684361893154, 4829.068333333334, 4838.935, 4840.0244655867355, 4848.468333333334, 4851.830829236929, 4856.135000000001, 4863.152808468069, 4865.135000000001, 4874.135000000001, 4874.398861498909, 4883.268333333335, 4885.874850701269, 4892.7350000000015, 4897.886172421261, 4902.601666666668, 4910.768118010772, 4914.968333333335, 4924.634379388491, 4926.235000000002, 4938.368333333336, 4939.817261420316, 4950.968333333335, 4955.709170957228, 4964.035000000003, 4972.269390381307, 4977.501666666669, 4989.687817285091, 4991.568333333335, 5005.301666666669, 5006.786068068088, 5017.168333333336, 5021.191463353402, 5027.70166666667, 5033.311219769184, 5036.635000000003, 5043.607851578423, 5044.635000000003, 5051.3683333333365, 5052.068429881848, 5057.259444444448, 5059.1502823834535, 5062.305000000003, 5065.22086991403, 5067.105000000003, 5071.572293194981, 5072.305000000003, 5077.705000000003, 5078.309184680351, 5083.038333333337, 5084.9703380475075, 5088.37166666667, 5091.638401519273, 5092.838333333337, 5098.17166666667, 5098.305003655433, 5103.505000000003, 5104.971677195051, 5108.816111111114, 5111.6382076309355, 5114.149444444447, 5118.306043844508, 5120.37166666667, 5124.9685983443815, 5125.705000000004, 5130.425737880555], "drs": [0, 0, 0, 0, 0, 0, 0, 0, 0, 0, 0, 0, 0, 0, 0, 0, 0, 0, 0, 0, 0, 0, 0, 0, 0, 0, 0, 0, 0, 0, 0, 0, 0, 0, 0, 0, 0, 0, 0, 0, 0, 0, 0, 0, 0, 0, 0, 0, 0, 0, 0, 0, 0, 0, 0, 0, 0, 0, 0, 0, 0, 0, 0, 0, 0, 0, 0, 0, 0, 0, 0, 0, 0, 0], "distance": [-15071.406881093979, 4787.445833333333, 4788.601304857089, 4798.001666666667, 4801.807638845114, 4808.468333333333, 4814.854000567184, 4818.868333333334, 4827.684361893154, 4829.068333333334, 4838.935, 4840.0244655867355, 4848.468333333334, 4851.830829236929, 4856.135000000001, 4863.152808468069, 4865.135000000001, 4874.135000000001, 4874.398861498909, 4883.268333333335, 4885.874850701269, 4892.7350000000015, 4897.886172421261, 4902.601666666668, 4910.768118010772, 4914.968333333335, 4924.634379388491, 4926.235000000002, 4938.368333333336, 4939.817261420316, 4950.968333333335, 4955.709170957228, 4964.035000000003, 4972.269390381307, 4977.501666666669, 4989.687817285091, 4991.568333333335, 5005.301666666669, 5006.786068068088, 5017.168333333336, 5021.191463353402, 5027.70166666667, 5033.311219769184, 5036.635000000003, 5043.607851578423, 5044.635000000003, 5051.3683333333365, 5052.068429881848, 5057.259444444448, 5059.1502823834535, 5062.305000000003, 5065.22086991403, 5067.105000000003, 5071.572293194981, 5072.305000000003, 5077.705000000003, 5078.309184680351, 5083.038333333337, 5084.9703380475075, 5088.37166666667, 5091.638401519273, 5092.838333333337, 5098.17166666667, 5098.305003655433, 5103.505000000003, 5104.971677195051, 5108.816111111114, 5111.6382076309355, 5114.149444444447, 5118.306043844508, 5120.37166666667, 5124.9685983443815, 5125.705000000004, 5130.425737880555], "rel_distance": [-2.937263393541798, 0.9330243355638465, 0.9332495251718855, 0.9350815597549971, 0.9358233048914628, 0.9371214062727873, 0.9383659076489723, 0.9391482601375982, 0.9408664141336321, 0.9411361360434702, 0.9430590486844447, 0.943271374408969, 0.9449169980605213, 0.9455723141968304, 0.9464111531531704, 0.9477788524047093, 0.9481651613054104, 0.9499191694576505, 0.9499705933710004, 0.95169916291585, 0.9522071465505513, 0.9535441196389468, 0.9545480305745563, 0.9554670322799212, 0.9570585903057467, 0.957877169407629, 0.9597609831388147, 0.9600729277611741, 0.9624375906034534, 0.9627199719008503, 0.9648932020165895, 0.9658171428877844, 0.9674397620005826, 0.96904456065142, 0.970064277902453, 0.9724392342945793, 0.9728057276811393, 0.975482214194928, 0.975771508879293, 0.977794906425289, 0.9785789734089241, 0.979847745596059, 0.9809409902485294, 0.9815887610953196, 0.9829476987078652, 0.9831478794528663, 0.9844601374038016, 0.9845965790764064, 0.9856082548387617, 0.985976759856493, 0.9865915821250978, 0.987159855413995, 0.9875270531396259, 0.9883976829932302, 0.9885404800720312, 0.9895928849633753, 0.9897106343916853, 0.9906322972017398, 0.9910088252038309, 0.9916717094401043, 0.992308362724846, 0.9925422171897347, 0.9935816294280991, 0.9936076154464644, 0.9946210416664636, 0.9949068820838878, 0.9956561230205015, 0.9962061208318543, 0.996695535258866, 0.9975056140625664, 0.9979081828702914, 0.99880407794118, 0.998947595108656, 0.9998676187449977], "acc_x": [0.0, 0.0, -0.3086419753086458, -1.0802469135802695, -1.697530864197553, -1.7746913580246861, -1.6203703703703543, -2.160493827160506, -3.809693393026796, -5.966719332824305, -6.738324271095804, -6.246532112636891, -5.787037037036868, -5.092592592592507, -4.706790123456788, -2.707990983019469, -1.0985542858634652, 0.8304580598155481, 2.0723996601189363, 3.6265432098765564, 4.7067901234568525, 6.095679012345784, 6.635802469135776, 8.421516754850025, 9.50176366843026, 10.8906525573191, 13.358092524759165, 15.490946772041223, 14.333539364634015, 10.389027086788339, 7.561728395061698, 7.021604938271546, 7.175925925925894, 6.635802469135894, 7.9475308641976685, 5.632716049382808, -3.0921779988943268, -17.366869356919324, -24.774276764326448, -25.925925925925583, -21.936289689912474, -23.7881415417648, -21.936289689913295, -20.524691358025052, -20.083774250440754, -23.236083863424128, -22.82947047271658, -17.714832024745164, -13.34732534579777, -10.821839971073135, -8.66134614391255, -3.703703703703667, 1.0802469135803607, 4.658458825125576, 5.043394322420628, 2.342777038469974, 0.30777500346790904, -0.3858024691357889, 0.0, 0.0, 0.0, 0.0, 0.0, 0.0, 0.0, 0.0, 0.0, 0.0, 0.0, 0.0, 0.0, 0.0, 0.0, 0.0],