{"tel": {"time": [0.0, 0.068, 0.072, 0.273, 0.368, 0.513, 0.668, 0.752, 0.968, 0.992, 1.232, 1.268, 1.469, 1.471, 1.672, 1.769, 1.912, 2.069, 2.152, 2.369, 2.391, 2.631, 2.669, 2.832, 2.969, 3.072, 3.269, 3.312, 3.552, 3.569, 3.792, 3.869, 4.072, 4.169, 4.312, 4.469, 4.551, 4.643], "rpm": [11080.0, 11122.5, 11125.0, 11150.0, 11189.58336, 11250.0, 11292.803353491989, 11316.0, 11346.6, 11350.0, 11436.0, 11447.146440529823, 11509.38071367211, 11510.0, 11503.0, 11423.3792192, 11306.0, 11057.416768, 10926.0, 10795.255303697324, 10782.0, 10593.0, 10549.328491408078, 10362.0, 10203.308407466666, 10084.0, 9782.754264533334, 9717.0, 9149.0, 9113.866798933333, 8653.0, 8446.200171885714, 7901.0, 7791.4709056, 7630.0, 7788.313700602189, 7871.0, 7897.547272134455], "speed": [307.4, 307.96666666666664, 308.0, 310.0, 310.7916672, 312.0, 313.9456069769086, 315.0, 316.8, 317.0, 319.0, 319.15062757472737, 319.9916312658393, 320.0, 321.0, 319.3833344, 317.0, 315.0375008, 314.0, 305.8284564810828, 305.0, 300.0, 299.0547292512571, 295.0, 290.4333354666667, 287.0, 279.6125024, 278.0, 266.0, 264.5833386666667, 246.0, 241.87500342857143, 231.0, 223.7250048, 213.0, 206.43096677999216, 203.0, 197.96517252622408], "gear": [8, 8, 8, 8, 8, 8, 8, 8, 8, 8, 8, 8, 8, 8, 8, 8, 8, 8, 8, 8, 8, 8, 8, 8, 8, 8, 8, 8, 8, 8, 8, 8, 8, 8, 8, 8, 7, 7], "throttle": [100.0, 100.0, 100.0, 100.0, 100.0, 100.0, 100.0, 100.0, 100.0, 100.0, 100.0, 100.0, 100.0, 100.0, 100.0, 59.58336, 0.0, 0.0, 0.0, 0.0, 0.0, 0.0, 0.0, 0.0, 0.0, 0.0, 0.0, 0.0, 0.0, 0.0, 0.0, 0.0, 0.0, 0.0, 0.0, 0.0, 0.0, 0.0], "brake": [0, 0, 0, 0, 0, 0, 0, 0, 0, 0, 0, 0, 0, 0, 0, 0, 0, 0, 0, 0, 0, 0, 0, 0, 0, 0, 0, 1, 1, 1, 1, 1, 1, 1, 1, 1, 1, 1], "drs": [1, 1, 1, 1, 1, 1, 1, 1, 1, 1, 1, 1, 1, 1, 0, 0, 0, 0, 0, 0, 0, 0, 0, 0, 0, 0, 0, 0, 0, 0, 0, 0, 0, 0, 0, 0, 0, 0], "distance": [0.07789179788126388, 5.909905980563575, 6.2533333333333285, 23.56166666666666, 31.774687664105357, 44.361666666666665, 57.90631322801571, 65.27416666666666, 84.2877830140238, 86.4075, 107.67416666666666, 110.86962909448971, 128.74031941135974, 128.91861111111112, 146.8411111111111, 155.41403265661305, 167.97444444444443, 181.72369672857272, 188.90777777777777, 207.30892831272558, 209.15638888888887, 229.15638888888884, 232.29321893652372, 245.62722222222217, 256.6220590129812, 264.7605555555555, 280.02285024066884, 283.29388888888883, 301.0272222222222, 302.2325099219189, 317.42722222222216, 322.4952437548674, 335.39388888888885, 341.2481359705831, 349.59388888888884, 358.5281506077032, 363.07083333333327, 368.05092293879113], "rel_distance": [0.0002083833816540221, 0.01581073010234399, 0.016729498895326923, 0.06303436190917826, 0.0850065994950974, 0.11868045631580945, 0.15491635445317875, 0.17462752118497646, 0.22549451590980826, 0.23116537992504727, 0.28805994439849386, 0.29660874266443055, 0.344418075380018, 0.34489505791637787, 0.39284299671459166, 0.4157780737175554, 0.4493808554546624, 0.48616413385000823, 0.5053836555946695, 0.5546121248186279, 0.5595546231664026, 0.6130604831727786, 0.6214524226424059, 0.657124788298863, 0.6865391982048281, 0.7083120610382961, 0.7491431711781827, 0.757894157977538, 0.8053360205165249, 0.8085605182628939, 0.8492108257217532, 0.8627692682535041, 0.8972769232941479, 0.9129387495339414, 0.9352660838986748, 0.9591678517380353, 0.9713208590365825, 0.9846440578990243], "acc_x": [1.5432098765432187, 2.461607949412851, 2.5632722804105246, 2.563272280410505, 2.61831241029045, 2.907293257246189, 3.0166738199287106, 2.8148405554507407, 2.4241953774973446, 2.264703292648737, 1.8805148514232721, 1.4963266369578319, 1.2347715232427054, 0.6557487622144627, -1.2748778381349206, -3.076122807191986, -4.041923950617305, -5.341011703369519, -7.4864553853778855, -8.388864376430604, -7.526739525160388, -6.343287499684166, -6.944395108813655, -8.05064208387487, -9.087107052857132, -9.898405267489728, -11.265755439805735, -12.759779917236013, -17.003607077729846, -19.558582596183964, -19.685112286890053, -17.57091433274544, -17.506613333333338, -17.883961928573857, -16.156277554085783, -13.71683218039917, -13.446424049333906, -9.57225699525053], "acc_y": [-0.33957878344483083, -0.30786607633216667, -0.07999307402970118, 0.060861649537294754, -0.08669419716438018, -0.24649754535207932, -0.2530905279408323, -0.2377901982437922, 0.11847903331747581, 0.4896180540785832, 0.3872877469578807, 0.005288015697938853, -0.2048588452127889, -0.02519450062603386, 0.18430439666855614, 0.29749059323374705, 0.38559341567006333, 0.16480935610367722, -0.06451553695136221, -0.04850999206657671, 0.028520971302633674, 0.11307841245710037, 0.4307654926507229, 0.6579643289077138, 0.3510297840966111, 0.0004545900040278661, -0.015997698948393858, -0.013102177059751018, -0.046825177524902145, -0.11026538446364778, -0.13663068787613616, -0.3490626311799729, -0.40445135354150885, -0.04993068478857085, 0.24068894433928967, 0.24071588488167808, 0.24071588488167808, 0.329050940470082], "acc_z": [1.6077954603978024, 1.5558681580137639, 0.9134408338644536, 0.44866825102839725, 0.383108507870924, 0.4384353903835929, 0.2583097359744946, 0.3282892076281704, -0.11227784233925858, -0.7389607320387187, -0.9347597671780045, -0.6575821970353697, -0.3096889722658647, -0.24208967879913085, -0.2833655680337797, -0.7546179295114408, -1.2541957015166731, -1.1685580608499142, -0.9937815129543777, -0.8578499581203103, -0.8011352496465749, -0.8889246229693838, -0.8986545524663396, -0.8556118259799197, -0.5456129572072861, -0.25879796400133104, -0.36825311186761506, -0.48896316434532827, -0.4013230807217005, -0.09278803518876017, 0.08658565102033267, -0.015866307618069175, -0.2306741024633893, -0.46328411294919597, -0.602927426486102, -0.5176382259046156, -0.4036936581942166, -0.37953895912858754], "x": [224.43938451102602, 170.0, 166.81772519490008, 9.298635267530061, -66.0, -183.9155084753669, -310.0, -376.527284684798, -547.0, -566.6494663513492, -769.0430926625635, -799.0, -962.0, -963.5947172418101, -1121.8902205282263, -1199.0, -1315.1499960229658, -1444.0, -1511.7279666765846, -1688.0, -1705.8705749534595, -1901.5816178920386, -1933.0, -2069.457687567889, -2178.0, -2251.6275513878463, -2374.0, -2397.652826051143, -2526.7115963083884, -2538.0, -2717.709685991199, -2783.0, -2948.463913628887, -3028.0, -3148.723834467739, -3272.0, -3326.1647757603164, -3378.5418684964798], "y": [-1876.4467120693935, -1838.0, -1835.752479842779, -1724.4484222275908, -1671.0, -1586.8521560807612, -1497.0, -1449.9729160169402, -1330.0, -1316.1089426931112, -1172.3318927728574, -1151.0, -1035.0, -1033.8702515860691, -922.373181448389, -868.0, -785.6274807697225, -694.0, -645.9087360404628, -521.0, -508.36001508674775, -370.16794623884323, -348.0, -251.73717946434957, -175.0, -122.73616108170133, -36.0, -19.44129208912107, 70.09578848811555, 78.0, 204.8588179621974, 251.0, 367.67305495804055, 424.0, 510.06022604015726, 598.0, 636.3546155603049, 673.1650948188425], "z": [4846.820735544491, 4846.0, 4845.949159853795, 4842.9739622740035, 4841.0, 4837.065374681344, 4833.0, 4831.488660059252, 4829.0, 4828.725694267174, 4825.610068994393, 4825.0, 4821.0, 4820.960891930038, 4817.382140513508, 4816.0, 4814.445646674225, 4813.0, 4812.16051084875, 4810.0, 4809.821106065537, 4808.257386299447, 4808.0, 4806.76602753052, 4806.0, 4805.811810346869, 4806.0, 4806.037298020705, 4806.032472246819, 4806.0, 4805.201152777899, 4805.0, 4804.965441542521, 4805.0, 4804.959165783883, 4805.0, 4805.153005928081, 4805.432885152485], "dataKey": "2018-French Grand Prix-Practice 2-BOT-7"}}