{"tel": {"time": [0.0, 0.068, 0.072, 0.273, 0.368, 0.513, 0.668, 0.752, 0.968, 0.992, 1.232, 1.268, 1.469, 1.471, 1.672, 1.769, 1.912, 2.069, 2.152, 2.369, 2.391, 2.631, 2.669, 2.832, 2.969, 3.072, 3.269, 3.312, 3.552, 3.569, 3.792, 3.869, 4.072, 4.169, 4.312, 4.469, 4.551, 4.643], "rpm": [11012, 11050, 11125, 11150, 11200, 11250, 11283, 11316, 11333, 11350, 11436, 11460, 11485, 11510, 11503, 11404, 11306, 11116, 10926, 10854, 10782, 10593, 10477, 10362, 10223, 10084, 9900, 9717, 9149, 8901, 8653, 8277, 7901, 7765, 7630, 7750, 7871, 7900], "speed": [306, 307, 308, 310, 311, 312, 313, 315, 316, 317, 319, 319, 319, 320, 321, 319, 317, 315, 314, 309, 305, 300, 297, 295, 291, 287, 282, 278, 266, 256, 246, 238, 231, 222, 213, 208, 203, 197], "gear": [8, 8, 8, 8, 8, 8, 8, 8, 8, 8, 8, 8, 8, 8, 8, 8, 8, 8, 8, 8, 8, 8, 8, 8, 8, 8, 8, 8, 8, 8, 8, 8, 8, 8, 8, 8, 7, 7], "throttle": [0, 0, 0, 0, 0, 0, 0, 0, 0, 0, 0, 0, 0, 0, 0, 0, 0, 0, 0, 0, 0, 0, 0, 0, 0, 0, 0, 0, 0, 0, 0, 0, 0, 0, 0, 0, 0, 0], "brake": [0.07789170858698291, 5.909905980563575, 6.2533333333333285, 23.56166666666666, 31.774687664105357, 44.361666666666665, 57.90631322801571, 65.27416666666666, 84.2877830140238, 86.4075, 107.67416666666666, 110.86962909448971, 128.74031941135974, 128.91861111111112, 146.8411111111111, 155.41403265661305, 167.97444444444443, 181.72369672857272, 188.90777777777777, 207.30892831272558, 209.15638888888887, 229.15638888888884, 232.29321893652372, 245.62722222222217, 256.6220590129812, 264.7605555555555, 280.02285024066884, 283.29388888888883, 301.0272222222222, 302.2325099219189, 317.42722222222216, 322.4952437548674, 335.39388888888885, 341.2481359705831, 349.59388888888884, 358.5281506077032, 363.07083333333327, 368.05092293879113], "drs": [1, 1, 1, 1, 1, 1, 1, 1, 1, 1, 1, 1, 1, 1, 0, 0, 0, 0, 0, 0, 0, 0, 0, 0, 0, 0, 0, 0, 0, 0, 0, 0, 0, 0, 0, 0, 0, 0], "distance": [0.07789170858698291, 5.909905980563575, 6.2533333333333285, 23.56166666666666, 31.774687664105357, 44.361666666666665, 57.90631322801571, 65.27416666666666, 84.2877830140238, 86.4075, 107.67416666666666, 110.86962909448971, 128.74031941135974, 128.91861111111112, 146.8411111111111, 155.41403265661305, 167.97444444444443, 181.72369672857272, 188.90777777777777, 207.30892831272558, 209.15638888888887, 229.15638888888884, 232.29321893652372, 245.62722222222217, 256.6220590129812, 264.7605555555555, 280.02285024066884, 283.29388888888883, 301.0272222222222, 302.2325099219189, 317.42722222222216, 322.4952437548674, 335.39388888888885, 341.2481359705831, 349.59388888888884, 358.5281506077032, 363.07083333333327, 368.05092293879113], "rel_distance": [0.00020838314276571714, 0.01581073010234399, 0.016729498895326923, 0.06303436190917826, 0.0850065994950974, 0.11868045631580945, 0.15491635445317875, 0.17462752118497646, 0.22549451590980826, 0.23116537992504727, 0.28805994439849386, 0.29660874266443055, 0.344418075380018, 0.34489505791637787, 0.39284299671459166, 0.4157780737175554, 0.4493808554546624, 0.48616413385000823, 0.5053836555946695, 0.5546121248186279, 0.5595546231664026, 0.6130604831727786, 0.6214524226424059, 0.657124788298863, 0.6865391982048281, 0.7083120610382961, 0.7491431711781827, 0.757894157977538, 0.8053360205165249, 0.8085605182628939, 0.8492108257217532, 0.8627692682535041, 0.8972769232941479, 0.9129387495339414, 0.9352660838986748, 0.9591678517380353, 0.9713208590365825, 0.9846440578990243], "acc_x": [3.933672234325805, 5.288685784461322, 4.865468449479307, 3.065056926845557, 2.3273273273273256, 2.551139005113898, 2.7054599927682115, 2.8597809804225327, 2.7497194163860916, 2.4947543063485247, 1.7231493680769177, 1.1270819616646617, 1.3683634373289473, 1.0576500393672341, -0.9416809829522879, -3.088491175739499, -3.935185185185205, -4.243827160493845, -6.496009607934312, -8.51926377813504, -9.331946964918933, -8.148494939442712, -6.819685213686421, -7.241569928137099, -7.71604938271606, -9.336419753086426, -11.48491689569428, -16.633353269811572, -20.877180430305405, -21.19781909016668, -18.231922398589056, -15.454144620811283, -16.84303350970018, -16.20370370370371, -15.139599152848795, -14.048709412533785, -15.766369101207996, -11.89220204712462], "acc_y": [1.88479968227252, 2.0731245215491843, 2.2996268801174486, 2.5116929140752458, 2.320941757544911, 2.1201015113594375, 0.5063510674740477, -0.42525378688454313, -0.22408371242027544, 0.5976620416638437, 0.5093758383708095, -0.02197778552613161, -0.41035202735591314, -0.1875000166190391, 0.19122516062856867, 0.14957297884548781, 0.5693226688908017, 0.6095727367438301, -0.18146290555542627, -0.2908498167974622, -0.06339545366894209, 0.179537811647146, 0.4382490199963245, 0.6327732845276093, 0.5398042114743576, 0.012482253999667126, -0.07002847316993721, 0.06407457886391715, -0.07854257397430817, -0.13952282765849613, -0.09951714564317694, -0.11469135142739628, -0.09976129839924797, 0.25210395712075323, 0.6712678146343101, 0.7407497557400742, 0.7407497557400742, 0.8927151838367056], "acc_z": [-21.900860103143735, -21.739825258553836, -22.378388417235417, -22.871421765209583, -22.825239818766303, -22.932563338418902, -6.411209300238443, 0.4518030922491664, 0.627294892866165, -0.6483047487519457, -1.1323959304272575, -0.6879925341905757, -0.36716669163672755, -0.41130957330161816, -0.13023849759469477, -0.34420193060257354, -1.4775823220296964, -1.6078225908791268, -0.778140834907884, -0.6516523962543959, -0.7672328194373849, -0.9675250034511739, -0.969564068229564, -0.9272544968508736, -0.6421147080067895, -0.09792814071805159, -0.20500789459017676, -0.48875446869686406, -0.39779263676553134, -0.08805245113764203, 0.15799165997192477, 0.6772146074131776, 2.095795315166872, 3.2360239450026285, 3.09618930159016, 3.119401969541089, 3.2297248423027973, 3.33533090880339], "x": [232, 170, 166, 9, -66, -183, -310, -376, -547, -566, -769, -799, -962, -963, -1121, -1199, -1315, -1444, -1511, -1688, -1705, -1901, -1933, -2069, -2178, -2251, -2374, -2397, -2526, -2538, -2717, -2783, -2948, -3028, -3148, -3272, -3326, -3378], "y": [-1883, -1838, -1835, -1724, -1671, -1586, -1497, -1449, -1330, -1316, -1172, -1151, -1035, -1033, -922, -868, -785, -694, -645, -521, -508, -370, -348, -251, -175, -122, -36, -19, 70, 78, 204, 251, 367, 424, 510, 598, 636, 672], "z": [4855, 4846, 4845, 4842, 4841, 4837, 4833, 4831, 4829, 4828, 4825, 4825, 4821, 4820, 4817, 4816, 4814, 4813, 4812, 4810, 4809, 4808, 4808, 4806, 4806, 4805, 4806, 4806, 4806, 4806, 4805, 4805, 4804, 4805, 4804, 4805, 4805, 4803], "dataKey": "BOT - Lap 7 - 2018 - Practice 2 - [nan]"}}