{"tel": {"time": [0.0, 0.204, 0.24, 0.48, 0.504, 0.72, 0.804, 0.96, 1.104, 1.2, 1.404, 1.44, 1.68, 1.704, 1.881, 2.004, 2.121, 2.305, 2.361, 2.601, 2.605, 2.841, 2.905, 3.081, 3.205, 3.321, 3.505, 3.561, 3.801, 3.805, 4.041], "rpm": [11816, 11842, 11869, 11927, 11926, 11926, 11913, 11901, 11899, 11898, 11912, 11926, 11911, 11711, 11511, 10906, 10302, 10162, 10022, 10460, 10500, 10541, 9981, 9421, 8581, 7741, 6901, 6061, 4536, 4341, 4146], "speed": [340, 341, 342, 341, 341, 342, 342, 343, 342, 342, 342, 342, 343, 342, 342, 318, 294, 281, 268, 245, 233, 222, 206, 190, 158, 126, 105, 84, 46, 23, 0], "gear": [8, 8, 8, 8, 8, 8, 8, 8, 8, 8, 8, 8, 8, 8, 8, 8, 8, 8, 8, 8, 8, 6, 6, 5, 5, 5, 5, 4, 3, 3, 3], "throttle": [100, 100, 100, 100, 100, 100, 100, 100, 100, 100, 100, 100, 100, 100, 100, 50, 0, 0, 0, 0, 0, 0, 0, 0, 0, 0, 0, 0, 0, 0, 0], "brake": [0, 0, 0, 0, 0, 0, 0, 0, 0, 0, 0, 0, 0, 0, 1, 1, 1, 1, 1, 1, 1, 1, 1, 1, 1, 1, 1, 0, 1, 1, 0], "drs": [1, 1, 1, 1, 1, 1, 1, 1, 1, 1, 1, 1, 1, 1, 0, 0, 0, 0, 0, 0, 0, 0, 0, 0, 0, 0, 0, 0, 0, 0, 0], "distance": [0.0, 19.382791240068727, 22.8, 45.53333333333333, 47.80907848882276, 68.33333333333333, 76.33500863936298, 91.19999999999999, 104.88396826151278, 113.99999999999999, 133.38019158332662, 136.79999999999998, 159.66666666666666, 161.97820263844847, 178.76166666666666, 189.1638005243587, 198.36166666666665, 212.19256538901217, 216.22833333333332, 232.56166666666664, 232.82108331507706, 247.36166666666665, 251.019151414009, 260.0283333333333, 264.8315096022056, 268.42833333333334, 272.9326284106677, 274.0283333333333, 277.09499999999997, 277.1153427665468, 277.09499999999997], "rel_distance": [0.0, 0.06959834553607329, 0.08186861523546206, 0.16349784855503094, 0.17166943208611565, 0.24536646379049298, 0.27409830926717893, 0.3274744609418482, 0.37660987903378085, 0.4093430761773102, 0.47893208705120965, 0.49121169141277227, 0.5733196885641275, 0.581619787207844, 0.641884653823827, 0.679235894807299, 0.7122629370964171, 0.7619259426166078, 0.7764172905557851, 0.8350658599496101, 0.8359973547642761, 0.8882086452778926, 0.9013416808704251, 0.9336912092975937, 0.9509381123618219, 0.9638533307001325, 0.9800270324805391, 0.9839614116351582, 0.9949729797662437, 0.995046025122702, 0.9949729797662437], "acc_x": [1.2254901960784232, 1.2254901960784232, 0.42087542087541313, 0.035072951739619385, 0.34371492704827006, 1.080246913580258, 0.6944444444444444, 0.0, -0.38580246913579375, -0.38580246913579375, 0.33548040794416834, 0.33548040794416834, -0.12517925669558516, -7.8680670720471655, -26.386585590565677, -37.30773963332101, -39.93119642344446, -32.673939166187225, -34.57384980609027, -33.41644239868286, -30.48851447075492, -29.55246913580247, -35.493827160493815, -51.85185185185182, -55.86419753086417, -57.25308641975309, -51.017684351017685, -57.80780780780778, -59.35101768435096, -49.918916091232425, -26.7707679430843], "acc_y": [-0.09851858914226279, -0.04450942956785098, 0.06425243084812471, 0.12110827258819812, 0.16723854993578036, 0.18077445538742684, 0.0742988283146914, -0.025446584103256398, -0.033138916993754874, -0.042952161555072546, -0.0123655387592526, 0.06970708971517683, 0.0886225838245173, -0.05468397714941392, -0.15829915986370685, -0.08851499717045042, 0.012695718746446302, 0.25118892296600936, 0.5172698314372088, 0.34221247279387335, -0.05826089391866912, -0.18650651405512092, 0.06348387723043576, 0.2816736951153963, 0.19149511904535316, 0.13700438754361, 0.008636664904798586, -0.1368792541313708, -0.04641767785826717, 0.16322119996387024, 0.21569548425090812], "acc_z": [-0.31209599018780554, -0.23487810638090809, -0.08154701082795396, 0.0027452506609233485, 0.04797394703319977, 0.02253699691569299, -0.17234183236825187, -0.31402432916109657, -0.14458363362620874, 0.015902934665368303, -0.1717248827753267, -0.5173720828492918, -0.6492825339272504, -0.52884273438966, -0.37397626526049815, -0.3555910144884459, -0.41518064071540195, -0.5096849976887221, -0.559478724201485, -0.3214552498330347, 0.06836609693236739, 0.14815150121126214, -0.1723110783659063, -0.4240855980000146, -0.14914699308245227, 0.06294309694011842, 0.1347748830925849, 0.1744816640121718, 0.046868123277519005, -0.15063711896687204, -0.18280433365668547], "x": [803.7142295047405, 995.0, 1029.7470935411898, 1260.0706929727507, 1281.0, 1450.412644190921, 1521.0, 1671.661386317084, 1807.0, 1882.2154248641314, 2028.0, 2057.4232354893666, 2274.1035556190973, 2295.0, 2439.304343171912, 2535.0, 2625.782242706467, 2765.0, 2805.479901339162, 2965.5940484190432, 2968.0, 3094.488409567505, 3125.0, 3202.4947739678005, 3254.0, 3301.3274756342407, 3374.0, 3395.295931670743, 3482.5890889111274, 3484.0, 3564.873524657005], "y": [-707.9220139123631, -628.0, -613.4364031717757, -516.7566642460996, -508.0, -437.4497026382258, -408.0, -344.8660708520966, -288.0, -256.3592998342482, -195.0, -182.63106366520367, -91.73124120298415, -83.0, -22.94398900990988, 17.0, 55.20505334149574, 114.0, 131.01057303382865, 197.9930351842761, 199.0, 252.08578156842543, 265.0, 298.1164693161505, 320.0, 339.7668085725354, 370.0, 379.022086784054, 416.403696676252, 417.0, 450.4914136261953], "z": [-246.70550781230256, -246.0, -245.86424517475427, -245.03836219378832, -245.0, -245.04865189153816, -245.0, -244.57461098906217, -244.0, -243.62113133075738, -243.0, -242.9543665653642, -242.99989357336892, -243.0, -242.90632455243397, -243.0, -243.35888340357621, -244.0, -244.06090499634576, -243.9950584363845, -244.0, -244.74247654282703, -245.0, -245.70293703469326, -246.0, -246.01892259638714, -246.0, -246.13944436041473, -246.99592165034687, -247.0, -246.42960791762877], "dataKey": "2018-Azerbaijan Grand Prix-Race-RIC-40"}}