{"tel": {"time": [0.0, 0.044, 0.14, 0.344, 0.38, 0.62, 0.644, 0.86, 0.944, 1.1, 1.244, 1.34, 1.544, 1.58, 1.82, 1.844, 2.021, 2.144, 2.261, 2.445, 2.501, 2.741, 2.745, 2.981, 3.045, 3.221, 3.345, 3.461, 3.645, 3.701, 3.941, 3.945, 4.181], "rpm": [11793.25, 11800.4, 11816.0, 11861.05, 11869.0, 11927.0, 11926.9, 11926.0, 11917.25, 11901.0, 11899.2, 11898.0, 11921.8, 11926.0, 11911.0, 11863.23885159274, 11511.0, 10891.3884672, 10302.0, 10087.333333333334, 10022.0, 10460.0, 10461.3499136, 10541.0, 10242.333333333334, 9421.0, 8553.001792, 7741.0, 6453.0, 6061.0, 4536.0, 4529.500416, 4146.0], "speed": [340.0, 340.0, 340.0, 341.7, 342.0, 341.0, 341.1, 342.0, 342.35, 343.0, 342.4, 342.0, 342.0, 342.0, 343.0, 342.88059712898183, 342.0, 317.40003839999997, 294.0, 274.06666666666666, 268.0, 245.0, 244.6166912, 222.0, 213.46666666666667, 190.0, 156.9334016, 126.0, 93.80000000000001, 84.0, 46.0, 45.233382399999996, 0.0], "gear": [8, 8, 8, 8, 8, 8, 8, 8, 8, 8, 8, 8, 8, 8, 8, 8, 8, 8, 8, 8, 8, 8, 8, 6, 6, 5, 5, 5, 5, 4, 3, 3, 3], "throttle": [100.0, 100.0, 100.0, 100.0, 100.0, 100.0, 100.0, 100.0, 100.0, 100.0, 100.0, 100.0, 100.0, 100.0, 100.0, 100.0, 100.0, 48.75008, 0.0, 0.0, 0.0, 0.0, 0.0, 0.0, 0.0, 0.0, 0.0, 0.0, 0.0, 0.0, 0.0, 0.0, 0.0], "brake": [0, 0, 0, 0, 0, 0, 0, 0, 0, 0, 0, 0, 0, 0, 0, 0, 1, 1, 1, 1, 1, 1, 1, 1, 1, 1, 1, 1, 1, 0, 1, 1, 0], "drs": [1, 1, 1, 1, 1, 1, 1, 1, 1, 1, 1, 1, 1, 1, 1, 1, 0, 0, 0, 0, 0, 0, 0, 0, 0, 0, 0, 0, 0, 0, 0, 0, 0], "distance": [-0.02076806176252788, 4.134981888692273, 13.222222222222225, 32.605013462290955, 36.022222222222226, 58.75555555555556, 61.031300711044985, 81.55555555555556, 89.55723086158521, 104.42222222222223, 118.10619048373502, 127.22222222222223, 146.60241380554888, 150.02222222222224, 172.8888888888889, 175.2004248606707, 191.98388888888888, 202.38602274658092, 211.5838888888889, 225.4147876112344, 229.45055555555555, 245.7838888888889, 246.04330553729935, 260.5838888888889, 264.24137363623123, 273.2505555555556, 278.05373182442776, 281.65055555555557, 286.15485063289003, 287.2505555555556, 290.31722222222226, 290.3375649887691, 290.31722222222226], "rel_distance": [-7.119244316232572e-05, 0.014174623826434075, 0.04532547691733434, 0.11176924424932767, 0.1234833581226873, 0.20141270751165036, 0.2092139101220188, 0.27957058871700335, 0.3070001495947434, 0.3579570017387462, 0.40486533357212945, 0.4361148829440992, 0.5025497387119338, 0.5142727641494522, 0.5926591771711952, 0.6005830698854243, 0.6581164026806782, 0.69377468085312, 0.725304756699315, 0.772716762809155, 0.7865512834918138, 0.8425415785073445, 0.8434308528752897, 0.8932756417459069, 0.9058134162368355, 0.936696686859992, 0.9531618658174869, 0.965491695725122, 0.9809323167588132, 0.9846883683018753, 0.9952008318558118, 0.995270566396652, 0.9952008318558118], "acc_x": [0.0, 0.5246913580246826, 1.2962962962962896, 1.0614600107353682, 0.22111208705412022, -0.16469038208167353, 0.45594837261505733, 1.1574074074074165, 0.7870370370370159, 0.015432098765412572, -0.49382716049382547, -0.5092592592592382, 0.21202361782072385, 0.6443318140124259, 0.18367214937267184, -8.01617823665231, -26.843548161239063, -39.712952398818246, -41.87944661826832, -32.45335385884224, -27.99673743689045, -26.839330029483037, -27.361109373271276, -30.833340905349793, -39.40842271604935, -54.48557563786007, -61.6255144032922, -60.38067950617286, -50.64177393393394, -45.867228408736615, -47.410438285279824, -50.20491866396356, -35.493846411383096], "acc_y": [0.25472041468963436, 0.1525342445469216, 0.04107534999874138, 0.09485825805110945, 0.2038428443717351, 0.2608149609162455, 0.24669247689767138, 0.21538214758331875, 0.08067379416927456, -0.025717171981398584, -0.03365620100034193, -0.043384662270122554, -0.01257212210359858, 0.06855837568886035, 0.08735776264842875, -0.051320515658919666, -0.15489570516401602, -0.08511145563827989, 0.021659222217450216, 0.2601521449149874, 0.5375953209231129, 0.36253829568752466, -0.03439483371129334, -0.16264062134702034, 0.051751859077859466, 0.2699417174387857, 0.179763141832619, 0.11970346350685808, -0.008664260029022972, -0.16492008021918764, -0.07445850320249146, 0.1323595420832419, 0.18483382621489008], "acc_z": [0.23409512225642543, 0.08636049135936841, -0.06214033797068566, 0.015992741033518068, 0.16963783275054467, 0.2535430624448234, 0.13327594428552939, 0.0073023592217915, -0.19332355702232223, -0.3120555097361275, -0.14164947106732367, 0.01699273423949378, -0.17154890236923281, -0.5167851084592499, -0.6483091369433894, -0.5360496767729769, -0.3812969754480171, -0.36291201977304977, -0.4441515452613376, -0.5386547420445869, -0.5914334848523912, -0.3534113843413227, 0.033027405992451714, 0.11281341894652806, -0.1683131560903314, -0.420087807691851, -0.14514920456578462, 0.08861646879867072, 0.16044825781017308, 0.2030856246412142, 0.07547208173466843, -0.11937559422611556, -0.15154280839033113], "x": [681.2604057905105, 717.0, 800.4228301536681, 995.0, 1030.0682721068197, 1260.1199446415894, 1281.0, 1450.3755532785228, 1521.0, 1671.674506070413, 1807.0, 1882.2125726958625, 2028.0, 2057.4235138077725, 2274.103598299836, 2295.0, 2439.3042898870367, 2535.0, 2625.782257168521, 2765.0, 2805.4798994008465, 2965.5940483861623, 2968.0, 3094.4884096828346, 3125.0, 3202.4947739211307, 3254.0, 3301.3274756467326, 3374.0, 3395.2959316690485, 3482.5890889110956, 3484.0, 3564.8735246574174], "y": [-758.8684742878887, -744.0, -709.258831668328, -628.0, -613.3059549448751, -516.7366604427345, -508.0, -437.4647672915813, -408.0, -344.8607422008654, -288.0, -256.360458256177, -195.0, -182.6309506248379, -91.73122386799625, -83.0, -22.944010651819752, 17.0, 55.205059215328696, 114.0, 131.01057224657237, 197.9930351709213, 199.0, 252.085781615267, 265.0, 298.1164692971954, 320.0, 339.76680857760925, 370.0, 379.02208678336586, 416.4036966762386, 417.0, 450.4914136263629], "z": [-246.99857748288326, -247.0, -246.8336229737876, -246.0, -245.8517435487247, -245.03644511085994, -245.0, -245.0500956264742, -245.0, -244.57410031286122, -244.0, -243.62124234919034, -243.0, -242.95435573203656, -242.9998919120544, -243.0, -242.90632662650634, -243.0, -243.35888284065203, -244.0, -244.06090507179323, -243.9950584376644, -244.0, -244.742476538338, -245.0, -245.7029370365099, -246.0, -246.01892259590093, -246.0, -246.13944436048067, -246.99592165034818, -247.0, -246.4296079176127], "dataKey": "2018-Azerbaijan Grand Prix-Race-RIC-40"}}