{"tel": {"time": [0.0, 0.204, 0.24, 0.48, 0.504, 0.72, 0.804, 0.96, 1.104, 1.2, 1.404, 1.44, 1.68, 1.704, 1.881, 2.004, 2.121, 2.305, 2.361, 2.601, 2.605, 2.841, 2.905, 3.081, 3.205, 3.321, 3.505, 3.561, 3.801, 3.805, 4.041], "rpm": [11816, 11842, 11869, 11927, 11926, 11926, 11913, 11901, 11899, 11898, 11912, 11926, 11911, 11711, 11511, 10906, 10302, 10162, 10022, 10460, 10500, 10541, 9981, 9421, 8581, 7741, 6901, 6061, 4536, 4341, 4146], "speed": [340, 341, 342, 341, 341, 342, 342, 343, 342, 342, 342, 342, 343, 342, 342, 318, 294, 281, 268, 245, 233, 222, 206, 190, 158, 126, 105, 84, 46, 23, 0], "gear": [8, 8, 8, 8, 8, 8, 8, 8, 8, 8, 8, 8, 8, 8, 8, 8, 8, 8, 8, 8, 8, 6, 6, 5, 5, 5, 5, 4, 3, 3, 3], "throttle": [0, 0, 0, 0, 0, 0, 0, 0, 0, 0, 0, 0, 0, 0, 0, 0, 0, 0, 0, 0, 0, 0, 0, 0, 0, 0, 0, 0, 0, 0, 0], "brake": [0.0, 19.382791240068727, 22.8, 45.53333333333333, 47.80907848882276, 68.33333333333333, 76.33500863936298, 91.19999999999999, 104.88396826151278, 113.99999999999999, 133.38019158332662, 136.79999999999998, 159.66666666666666, 161.97820263844847, 178.76166666666666, 189.1638005243587, 198.36166666666665, 212.19256538901217, 216.22833333333332, 232.56166666666664, 232.82108331507706, 247.36166666666665, 251.019151414009, 260.0283333333333, 264.8315096022056, 268.42833333333334, 272.9326284106677, 274.0283333333333, 277.09499999999997, 277.1153427665468, 277.09499999999997], "drs": [1, 1, 1, 1, 1, 1, 1, 1, 1, 1, 1, 1, 1, 1, 0, 0, 0, 0, 0, 0, 0, 0, 0, 0, 0, 0, 0, 0, 0, 0, 0], "distance": [0.0, 19.382791240068727, 22.8, 45.53333333333333, 47.80907848882276, 68.33333333333333, 76.33500863936298, 91.19999999999999, 104.88396826151278, 113.99999999999999, 133.38019158332662, 136.79999999999998, 159.66666666666666, 161.97820263844847, 178.76166666666666, 189.1638005243587, 198.36166666666665, 212.19256538901217, 216.22833333333332, 232.56166666666664, 232.82108331507706, 247.36166666666665, 251.019151414009, 260.0283333333333, 264.8315096022056, 268.42833333333334, 272.9326284106677, 274.0283333333333, 277.09499999999997, 277.1153427665468, 277.09499999999997], "rel_distance": [0.0, 0.06959834553607329, 0.08186861523546206, 0.16349784855503094, 0.17166943208611565, 0.24536646379049298, 0.27409830926717893, 0.3274744609418482, 0.37660987903378085, 0.4093430761773102, 0.47893208705120965, 0.49121169141277227, 0.5733196885641275, 0.581619787207844, 0.641884653823827, 0.679235894807299, 0.7122629370964171, 0.7619259426166078, 0.7764172905557851, 0.8350658599496101, 0.8359973547642761, 0.8882086452778926, 0.9013416808704251, 0.9336912092975937, 0.9509381123618219, 0.9638533307001325, 0.9800270324805391, 0.9839614116351582, 0.9949729797662437, 0.995046025122702, 0.9949729797662437], "acc_x": [1.2254901960784232, 1.2254901960784232, 0.42087542087541313, 0.035072951739619385, 0.34371492704827006, 1.080246913580258, 0.6944444444444444, 0.0, -0.38580246913579375, -0.38580246913579375, 0.33548040794416834, 0.33548040794416834, -0.12517925669558516, -7.8680670720471655, -26.386585590565677, -37.30773963332101, -39.93119642344446, -32.673939166187225, -34.57384980609027, -33.41644239868286, -30.48851447075492, -29.55246913580247, -35.493827160493815, -51.85185185185182, -55.86419753086417, -57.25308641975309, -51.017684351017685, -57.80780780780778, -59.35101768435096, -49.918916091232425, -26.7707679430843], "acc_y": [0.04140121512572212, 0.1917392645701277, 0.3005011249861034, 0.18770749981312126, 0.2338377771607035, 0.4072041185509553, 0.23039551699810418, -0.017250151283297377, 0.059066731323635935, 0.09040940246527573, -0.19209222227097617, -0.11001959379654672, 0.22857648462735844, -0.034858898777274744, -0.3378790277948921, -0.11142408471233439, 0.19785235646987726, 0.3453826445109623, 0.4595558924054919, 0.3672640985451208, -0.033209268167421674, -0.0963165355638344, 0.25371130185780966, 0.4010055440530186, 0.04535774713850459, -0.040374879506571995, -0.03191241202377494, -0.17742833105994432, 0.047027038092273, 0.25666591591441035, 0.09397073005990007], "acc_z": [-0.3485664713282506, -0.18950441079128794, -0.03617331523833381, -0.028596907284432205, 0.01663178908784422, 0.050938923592855005, 0.05918725411683921, -0.14940963843977542, -0.16183259985330106, 0.058815898899839764, -0.2985565608232038, -0.6442037608971689, -0.6575468449334796, -0.3485954482739144, -0.2149568505432734, -0.5902181586842641, -0.4122543042365533, -0.28440380399734194, -0.5447590836700698, -0.36530810787264334, 0.02451323889275875, 0.19998227879956126, -0.1541978142322804, -0.48542658129184957, -0.08994110564922583, 0.11036363203851099, 0.1453583669366257, 0.18506514785621261, 0.20392457124486704, 0.0064193290004760095, -0.1632830348239174], "x": [803, 995, 1029, 1260, 1281, 1450, 1521, 1671, 1807, 1882, 2028, 2057, 2274, 2295, 2439, 2535, 2625, 2765, 2805, 2965, 2968, 3094, 3125, 3202, 3254, 3301, 3374, 3395, 3482, 3484, 3564], "y": [-707, -628, -613, -516, -508, -437, -408, -344, -288, -256, -195, -182, -91, -83, -22, 17, 55, 114, 131, 197, 199, 252, 265, 298, 320, 339, 370, 379, 416, 417, 450], "z": [-246, -246, -245, -245, -245, -245, -245, -244, -244, -243, -243, -242, -242, -243, -242, -243, -243, -244, -244, -243, -244, -244, -245, -245, -246, -246, -246, -246, -246, -247, -246], "dataKey": "RIC - Lap 40 - 2018 - Race - [nan]"}}