{"tel": {"time": [0.0, 61.059, 61.085, 61.298, 61.385, 61.538, 61.685, 61.778, 61.985, 62.018, 62.258, 62.285, 62.498, 62.585, 62.698, 62.885, 62.938, 63.178, 63.185, 63.418, 63.485, 63.658, 63.785, 63.898, 64.085, 64.178, 64.385, 64.418, 64.658, 64.686, 64.898, 64.986, 65.138, 65.286, 65.378, 65.586, 65.618, 65.858, 65.886, 66.098, 66.186, 66.338, 66.485, 66.578, 66.785, 66.818, 67.058, 67.085, 67.299, 67.385, 67.538, 67.685, 67.778, 67.985, 68.018, 68.258, 68.285, 68.498, 68.585, 68.738, 68.885, 68.939, 69.179, 69.185, 69.419, 69.485, 69.658, 69.785, 69.898, 70.085, 70.178, 70.385, 70.418, 70.658, 70.685, 70.898, 70.985, 71.138, 71.286, 71.378, 71.586, 71.618, 71.886, 71.898, 72.138, 72.186, 72.378, 72.486, 72.618, 72.786, 72.858, 73.086, 73.098, 73.378, 73.386, 73.579, 73.686, 73.818, 73.985, 74.099, 74.285, 74.338, 74.578, 74.585, 74.622], "rpm": [9252.0, 9252.0, 9283.657051137861, 9543.0, 9660.4500864, 9867.0, 10311.6751936, 10593.0, 11215.725192533333, 11315.0, 11924.0, 11782.249664, 10664.0, 10621.36996864, 10566.0, 10982.075142400001, 11100.0, 11743.0, 11705.957994666667, 10473.0, 10477.187504, 10488.0, 10587.483383466666, 10676.0, 10961.84295497143, 11104.0, 11355.850077866668, 11396.0, 11588.0, 11523.25, 11033.0, 10757.633333333333, 10282.0, 10375.733333333334, 10434.0, 9830.8, 9738.0, 9432.0, 9513.666666666666, 10132.0, 9945.366666666667, 9623.0, 9274.487348266666, 9054.0, 8944.462466133333, 8927.0, 8436.0, 8440.8174400843, 8479.0, 8457.769848563723, 8420.0, 8479.412525866666, 8517.0, 8648.100040533333, 8669.0, 8856.0, 8897.1750976, 9222.0, 9376.4251136, 9648.0, 9800.85086148485, 9857.0, 10242.0, 10244.000042666667, 10322.0, 10325.037661981547, 10333.0, 10336.704168533333, 10340.0, 10397.435733942857, 10426.0, 10400.987492266666, 10397.0, 10745.0, 10785.050094933333, 11101.0, 11135.8000256, 11197.0, 11265.45, 11308.0, 11051.466666666667, 11012.0, 10016.57142857143, 9972.0, 10409.0, 10412.0, 10424.0, 10514.45, 10625.0, 10816.1, 10898.0, 11049.05, 11057.0, 11295.0, 11299.97512596223, 11420.0, 10793.221550267033, 10020.0, 10304.672771797357, 10499.0, 10585.384973553815, 10610.0, 10712.0, 10715.383364266667, 10733.266666666666], "speed": [118.0, 118.0, 118.54393558656118, 123.0, 124.81250133333333, 128.0, 132.28750186666667, 135.0, 141.03750186666667, 142.0, 149.0, 150.23750293333333, 160.0, 163.91500288, 169.0, 176.0125024, 178.0, 190.0, 190.11666773333334, 194.0, 195.6750016, 200.0, 204.7625024, 209.0, 213.6750016, 216.0, 219.45000106666666, 220.0, 223.0, 223.7, 229.0, 230.46666666666667, 233.0, 235.46666666666667, 237.0, 236.13333333333333, 236.0, 225.0, 223.01666666666668, 208.0, 204.33333333333334, 198.0, 189.42499626666665, 184.0, 178.8249984, 178.0, 173.0, 171.9916985870071, 164.0, 163.64016692480885, 163.0, 162.38749973333333, 162.0, 164.5875008, 165.0, 168.0, 168.90000213333335, 176.0, 178.1750016, 182.0, 186.3880630091345, 188.0, 198.0, 198.05000106666665, 200.0, 200.27615108923152, 201.0, 201.0, 201.0, 201.0, 201.0, 201.0, 201.0, 202.0, 202.90000213333335, 210.0, 211.45000106666666, 214.0, 217.7, 220.0, 222.6, 223.0, 229.7, 230.0, 232.0, 233.0, 237.0, 239.25, 242.0, 244.8, 246.0, 251.7, 252.0, 258.0, 258.1194030230935, 261.0, 262.79079557066564, 265.0, 267.37722565175244, 269.0, 270.55648600997864, 271.0, 275.0, 275.05833386666666, 275.3666666666667], "gear": [3, 3, 3, 3, 3, 3, 3, 3, 3, 3, 3, 3, 3, 3, 4, 4, 4, 4, 4, 5, 5, 5, 5, 5, 5, 5, 5, 5, 5, 5, 5, 5, 6, 6, 6, 6, 6, 6, 6, 6, 6, 5, 5, 5, 5, 5, 5, 5, 5, 5, 5, 5, 5, 5, 5, 5, 5, 5, 5, 5, 5, 5, 5, 5, 5, 5, 5, 5, 5, 5, 5, 5, 5, 5, 5, 5, 5, 5, 5, 5, 5, 5, 5, 6, 6, 6, 6, 6, 6, 6, 6, 6, 6, 6, 6, 6, 6, 7, 7, 7, 7, 7, 7, 7, 7], "throttle": [53.0, 53.0, 53.761509821185655, 60.0, 62.537501866666666, 67.0, 71.90000213333333, 75.0, 81.90000213333333, 83.0, 100.0, 100.0, 100.0, 100.0, 100.0, 100.0, 100.0, 100.0, 100.0, 100.0, 100.0, 100.0, 100.0, 100.0, 100.0, 100.0, 100.0, 100.0, 100.0, 100.0, 100.0, 100.0, 100.0, 100.0, 100.0, 13.333333333333329, 0.0, 0.0, 0.0, 0.0, 0.0, 0.0, 0.0, 0.0, 0.0, 0.0, 0.0, 1.1203349033254515, 10.0, 21.514658406116574, 42.0, 43.225000533333336, 44.0, 70.73750826666667, 75.0, 76.0, 78.13750506666666, 95.0, 96.81250133333333, 100.0, 100.0, 100.0, 100.0, 99.27498453333334, 71.0, 72.38075544615754, 76.0, 69.12082986666667, 63.0, 66.33928685714285, 68.0, 77.48750293333333, 79.0, 91.0, 92.0125024, 100.0, 100.0, 100.0, 100.0, 100.0, 100.0, 100.0, 100.0, 100.0, 100.0, 100.0, 100.0, 100.0, 100.0, 100.0, 100.0, 100.0, 100.0, 100.0, 100.0, 100.0, 100.0, 100.0, 100.0, 100.0, 100.0, 100.0, 100.0, 100.0, 100.0], "brake": [0, 0, 0, 0, 0, 0, 0, 0, 0, 0, 0, 0, 0, 0, 0, 0, 0, 0, 0, 0, 0, 0, 0, 0, 0, 0, 0, 0, 0, 0, 0, 0, 0, 0, 0, 0, 1, 1, 1, 1, 1, 1, 1, 1, 1, 0, 0, 0, 0, 0, 0, 0, 0, 0, 0, 0, 0, 0, 0, 0, 0, 0, 0, 0, 0, 0, 0, 0, 0, 0, 0, 0, 0, 0, 0, 0, 0, 0, 0, 0, 0, 0, 0, 0, 0, 0, 0, 0, 0, 0, 0, 0, 0, 0, 0, 0, 0, 0, 0, 0, 0, 0, 0, 0, 0], "drs": [0, 0, 0, 0, 0, 0, 0, 0, 0, 0, 0, 0, 0, 0, 0, 0, 0, 0, 0, 0, 0, 0, 0, 0, 0, 0, 0, 0, 0, 0, 0, 0, 0, 0, 0, 0, 0, 0, 0, 0, 0, 0, 0, 0, 0, 0, 0, 0, 0, 0, 0, 0, 0, 0, 0, 0, 0, 0, 0, 0, 0, 0, 0, 0, 0, 0, 0, 0, 0, 0, 0, 0, 0, 0, 0, 0, 0, 0, 0, 0, 0, 0, 0, 0, 0, 0, 0, 0, 1, 1, 1, 1, 1, 1, 1, 1, 1, 1, 1, 1, 1, 1, 1, 1, 1], "distance": [NaN, 2001.3783333333333, 2002.2516978597864, 2009.5441666666668, 2012.593349369472, 2018.0774999999999, 2023.533036844804, 2027.0774999999999, 2035.2171415818652, 2036.5441666666666, 2046.4775, 2047.6397541172778, 2057.1441666666665, 2061.175285460662, 2066.5330555555556, 2075.707317917996, 2078.3997222222224, 2091.066388888889, 2091.4407708339777, 2103.9997222222223, 2107.672506051699, 2117.333055555556, 2124.6388252199704, 2131.266388888889, 2142.440495227528, 2148.066388888889, 2160.7061550482395, 2162.7330555555563, 2177.5997222222227, 2179.36017100555, 2192.866388888889, 2198.5315221471387, 2208.399722222223, 2218.1288058296004, 2224.1997222222226, 2237.866699793315, 2239.9330555555557, 2254.933055555556, 2256.6060903922707, 2268.7997222222225, 2273.7248909439304, 2281.9997222222223, 2289.5882751692316, 2294.2663888888897, 2304.5178273350502, 2306.133055555556, 2317.6663888888897, 2318.923051973084, 2328.6452777777786, 2332.541241389374, 2339.466666666667, 2346.0696241099813, 2350.2666666666673, 2359.74460734751, 2361.266666666667, 2372.4666666666667, 2373.7589093900347, 2384.2000000000003, 2388.555619064862, 2396.3333333333335, 2403.959953407365, 2406.83, 2420.0300000000007, 2420.3629563725954, 2433.3633333333337, 2437.043040527887, 2446.7075000000004, 2453.7991219507203, 2460.1075, 2470.5478850248214, 2475.7408333333333, 2487.2993913992204, 2489.140833333334, 2502.6075, 2504.1555609488755, 2516.6074999999996, 2521.745742464708, 2530.874166666667, 2539.888625518675, 2545.5408333333335, 2558.4007500612884, 2560.4075, 2577.525556119764, 2578.296388888889, 2593.763055555556, 2596.893232108103, 2609.563055555556, 2616.787187863285, 2625.696388888889, 2637.138933427517, 2642.0963888888896, 2658.0467010970283, 2658.8963888888893, 2678.963055555556, 2679.540518594449, 2693.535555555555, 2701.375785615359, 2711.1286111111112, 2723.5823305337426, 2732.1255555555563, 2746.1063862352385, 2750.1169444444445, 2768.4502777777784, 2768.9873993023016, 2771.8279307626394],