{"tel": {"time": [0.0, 0.005, 0.103, 0.245, 0.403, 0.485, 0.703, 0.725, 0.965, 1.003, 1.205, 1.303, 1.445, 1.603, 1.685, 1.903, 1.925, 2.165, 2.203, 2.405, 2.503, 2.685, 2.803, 2.925, 3.103, 3.165, 3.403, 3.405, 3.604, 3.606, 3.845, 3.904, 4.085, 4.204, 4.325, 4.503, 4.565, 4.803, 4.805, 5.045, 5.103, 5.285, 5.403, 5.525, 5.703, 5.765, 6.003, 6.005, 6.245, 6.303, 6.485, 6.603, 6.725], "rpm": [11784, 11831, 11131, 10431, 10564, 10698, 10768, 10839, 11032, 11085, 11138, 11228, 11318, 11365, 11412, 11466, 11521, 11670, 11707, 11745, 11112, 10480, 10514, 10549, 10578, 10608, 10658, 10708, 10714, 10720, 10784, 10823, 10862, 10946, 11030, 11080, 11131, 10830, 10529, 8849, 8009, 7169, 6329, 5489, 4649, 3809, 3715, 3621, 3698, 3698, 3698, 4250, 4803], "speed": [253, 254, 256, 259, 261, 263, 265, 268, 270, 271, 273, 275, 278, 279, 280, 281, 283, 285, 286, 288, 289, 290, 291, 293, 294, 295, 296, 297, 297, 297, 300, 300, 301, 302, 303, 302, 302, 299, 296, 262, 246, 230, 206, 182, 166, 150, 134, 118, 86, 86, 86, 43, 0], "gear": [6, 6, 6, 7, 7, 7, 7, 7, 7, 7, 7, 7, 7, 7, 7, 7, 7, 7, 7, 7, 7, 7, 7, 8, 8, 8, 8, 8, 8, 8, 8, 8, 8, 8, 8, 8, 8, 8, 8, 8, 8, 8, 8, 8, 8, 8, 8, 8, 8, 8, 8, 8, 8], "throttle": [0, 0, 0, 0, 0, 0, 0, 0, 0, 0, 0, 0, 0, 0, 0, 0, 0, 0, 0, 0, 0, 0, 0, 0, 0, 0, 0, 0, 0, 0, 0, 0, 0, 0, 0, 0, 0, 0, 0, 0, 0, 0, 0, 0, 0, 0, 0, 0, 0, 0, 0, 0, 0], "brake": [0.19226525056899457, 0.5486111111111143, 7.563062611158761, 17.81527777777778, 29.32077107983307, 35.34861111111111, 51.570560185119795, 53.21527777777778, 71.21527777777777, 74.08026671871396, 89.41527777777777, 96.95142330853218, 107.9486111111111, 120.21782660763604, 126.61527777777778, 143.74679649325023, 145.48194444444445, 164.48194444444445, 167.5091393654528, 183.68194444444444, 191.55518999722347, 206.2375, 215.82088981806868, 225.77083333333331, 240.3423814618509, 245.4375, 265.0725483777363, 265.23749999999995, 281.6542991574421, 281.81999999999994, 301.7366666666666, 306.6633356701784, 321.8033333333333, 331.8137519276494, 342.00333333333333, 356.9431134492342, 362.13666666666666, 381.7139996151064, 381.86999999999995, 399.33666666666664, 403.2621344526579, 414.67, 420.9838835351041, 426.80333333333334, 434.4120239769473, 436.8033333333333, 444.61525649896345, 444.66999999999996, 450.4033333333333, 451.92279003566705, 456.13666666666666, 456.58227806646516, 456.13666666666666], "drs": [1, 1, 1, 1, 1, 1, 1, 1, 1, 1, 1, 1, 1, 1, 1, 1, 1, 1, 1, 1, 1, 1, 1, 1, 1, 1, 1, 1, 1, 1, 1, 1, 1, 1, 1, 1, 1, 1, 0, 0, 0, 0, 0, 0, 0, 0, 0, 0, 0, 0, 0, 0, 0], "distance": [0.19226525056899457, 0.5486111111111143, 7.563062611158761, 17.81527777777778, 29.32077107983307, 35.34861111111111, 51.570560185119795, 53.21527777777778, 71.21527777777777, 74.08026671871396, 89.41527777777777, 96.95142330853218, 107.9486111111111, 120.21782660763604, 126.61527777777778, 143.74679649325023, 145.48194444444445, 164.48194444444445, 167.5091393654528, 183.68194444444444, 191.55518999722347, 206.2375, 215.82088981806868, 225.77083333333331, 240.3423814618509, 245.4375, 265.0725483777363, 265.23749999999995, 281.6542991574421, 281.81999999999994, 301.7366666666666, 306.6633356701784, 321.8033333333333, 331.8137519276494, 342.00333333333333, 356.9431134492342, 362.13666666666666, 381.7139996151064, 381.86999999999995, 399.33666666666664, 403.2621344526579, 414.67, 420.9838835351041, 426.80333333333334, 434.4120239769473, 436.8033333333333, 444.61525649896345, 444.66999999999996, 450.4033333333333, 451.92279003566705, 456.13666666666666, 456.58227806646516, 456.13666666666666], "rel_distance": [0.00042150799227350317, 0.0012027340733649584, 0.016580694260840162, 0.03905688597228414, 0.06428067117274736, 0.07749565797775033, 0.11305944896292733, 0.1166652051164003, 0.15612706230832377, 0.16240805033297176, 0.1960273845801575, 0.21254906784194544, 0.236658481985175, 0.26355659475077514, 0.277581889443466, 0.31513975305628483, 0.3189437619816673, 0.3605979445731421, 0.36723454088786134, 0.4026905922445271, 0.41995130844678885, 0.45213970958996214, 0.4731496185019153, 0.4949631323945308, 0.5269087074674642, 0.5380788652523733, 0.5811252805323031, 0.5814869081634889, 0.6174778739356818, 0.6178411441015483, 0.6615049583092786, 0.6723058199008596, 0.7054976213269414, 0.7274437162714013, 0.7497825943978779, 0.7825354538096789, 0.7939214124421774, 0.8368412967205145, 0.8371833003266564, 0.8754759173054859, 0.8840818200378349, 0.9090915734319394, 0.9229336606757568, 0.9356917882798285, 0.9523725140351518, 0.9576150422753413, 0.9747413198506956, 0.9748613354184783, 0.9874306677092392, 0.9907618112312839, 1.0, 1.000976925190108, 1.0], "acc_x": [21.215390147429538, 23.144402493108547, 6.1690938511327085, 5.015432098765428, 4.320987654320992, 4.706790123456793, 4.930614456695877, 4.695247194949709, 3.9236422566781015, 3.391175948130375, 4.320987654320979, 4.398148148148151, 3.935185185185186, 2.6234567901234636, 2.5462962962963136, 3.188318725850551, 3.5702354147216693, 3.570235414721651, 3.082533972821726, 2.744708994708984, 2.2045855379188684, 2.43606701940035, 2.7006172839506233, 2.8549382716049436, 2.314814814814812, 2.1604938271604848, 1.8495485535286553, 1.232264602911385, 1.613264551684491, 2.084745080929869, 2.4705475500656826, 1.9352266136382545, 1.7746913580247061, 1.3888888888888924, 0.3858024691357933, -1.3117283950617342, -3.626543209876562, -17.397459442914005, -32.00720341507409, -42.03806761260492, -40.22702792277734, -43.20987654320984, -43.20987654320983, -43.209876543209866, -34.56790123456791, -34.56790123456793, -40.587695133149666, -40.653980658048155, -28.308301645702496, -23.214433673046653, -46.45061728395072, -79.08571139445469, -65.81410645618308], "acc_y": [-1.9423575692979993, -2.123342003639867, -2.0672259936292807, -1.7920756481139433, -1.8963191788758402, -2.1787586893421125, -0.5881865004785503, 0.045437464981994594, -0.1323281991892343, 0.08859627593076022, 0.41223532049065276, 0.10384367435076575, -0.25937609673946294, -0.1425972880945352, -0.06398645629187699, -0.21075011253283737, -0.2222840700314503, 0.09192479730795255, 0.18138342331258048, -0.03181503198200378, 0.12922568825371705, 0.2157066680586893, -0.06416253791371504, -0.23652274248519206, -0.3854856607783896, -0.3819098284359873, -0.2644177763641984, -0.23311958023278723, -0.1260263616067084, -0.19520970531250526, -0.585711782704283, -0.46599020103223954, 0.03255721828028228, 0.6121157753972057, 0.848882611941432, -0.5930342240394644, -4.600579349223066, -11.638335424951975, -22.744728093995512, -28.080722689279295, -34.57704001233149, -38.728078264602814, -41.43908543075886, -43.81678025266678, -43.68108224413618, -41.27795426708143, -35.00427498559973, -23.737464056956814, -18.009378938511333, -11.365449269041802, -7.336769552847906, -5.054243025168056, -2.9944531301811295], "acc_z": [-3.290069233021867, -3.1412870754592204, -3.5817503169053544, -3.8153299992071994, -2.9757126334361517, -2.502736211198584, -0.39403369349272066, 0.4088290055353237, 0.13176556316435428, 0.00040249922681265954, 0.1336109214533676, 1.1594941663383111, 2.060334086624842, 1.1029912145480778, -0.024576927620838518, -0.1278433049863752, 0.13120156305294695, 0.7322192750832028, 0.9626362973777963, 0.6670365923437013, -0.15026369270878787, -0.7824024674721446, -0.2671407204051206, 0.6101771502665414, 0.331332224630699, -0.06326728805381937, -0.17158306043356625, -0.21144083479395537, -0.15722129894107728, 0.48250525313188586, 0.7722289659820711, -0.006529726480316633, -0.32647934386920935, -0.7352180826801984, -1.488676636583672, -1.45822839327786, -1.636627683368644, -1.7309617373608892, -2.0590225769582045, -2.288322128887405, -2.024023151584215, -2.033931194845309, -1.1894634907843107, -0.16715831559758623, -0.3241357101631545, -0.2919538623361326, -0.23438411452990335, -0.3141695453918721, -0.40971516953418585, -0.2927916951362946, -0.185660185226622, 0.026508381475908088, 0.1522612728771757],