{"tel": {"time": [0.0, 0.005, 0.103, 0.245, 0.403, 0.485, 0.703, 0.725, 0.965, 1.003, 1.205, 1.303, 1.445, 1.603, 1.685, 1.903, 1.925, 2.165, 2.203, 2.405, 2.503, 2.685, 2.803, 2.925, 3.103, 3.165, 3.403, 3.405, 3.604, 3.606, 3.845, 3.904, 4.085, 4.204, 4.325, 4.503, 4.565, 4.803, 4.805, 5.045, 5.103, 5.285, 5.403, 5.525, 5.703, 5.765, 6.003, 6.005, 6.245, 6.303, 6.485, 6.603, 6.725], "rpm": [11827.104216533333, 11831.0, 11259.332586666667, 10431.0, 10606.7748576, 10698.0, 10826.0750752, 10839.0, 11032.0, 11048.7832768, 11138.0, 11211.500096, 11318.0, 11379.8832832, 11412.0, 11511.008391466667, 11521.0, 11670.0, 11681.87496, 11745.0, 11302.249421714285, 10480.0, 10513.9249632, 10549.0, 10592.7583648, 10608.0, 10707.166613333333, 10708.0, 10719.8806046187, 10720.0, 10784.0, 10803.1750208, 10862.0, 10945.3000448, 11030.0, 11104.9083872, 11131.0, 10534.016987733334, 10529.0, 8849.0, 8442.999104, 7169.0, 6343.000896, 5489.0, 4242.999104, 3809.0, 3622.5667669333334, 3621.0, 3698.0, 3698.0, 3698.0, 4241.291077333333, 4803.0], "speed": [253.9375008, 254.0, 256.04166933333335, 259.0, 261.6333312, 263.0, 267.54166933333335, 268.0, 270.0, 270.4749984, 273.0, 275.04166933333335, 278.0, 279.3166656, 280.0, 282.7250016, 283.0, 285.0, 285.4749984, 288.0, 288.70000091428574, 290.0, 291.4749984, 293.0, 294.4833344, 295.0, 296.98333226666665, 297.0, 297.0, 297.0, 300.0, 300.2458336, 301.0, 301.9916672, 303.0, 302.2583328, 302.0, 296.0500032, 296.0, 262.0, 254.2666496, 230.0, 206.4000256, 182.0, 158.2666496, 150.0, 118.26668373333334, 118.0, 86.0, 86.0, 86.0, 43.716712533333336, 0.0], "gear": [6, 6, 6, 7, 7, 7, 7, 7, 7, 7, 7, 7, 7, 7, 7, 7, 7, 7, 7, 7, 7, 7, 7, 8, 8, 8, 8, 8, 8, 8, 8, 8, 8, 8, 8, 8, 8, 8, 8, 8, 8, 8, 8, 8, 8, 8, 8, 8, 8, 8, 8, 8, 8], "throttle": [100.0, 100.0, 100.0, 100.0, 100.0, 100.0, 100.0, 100.0, 100.0, 100.0, 100.0, 100.0, 100.0, 100.0, 100.0, 100.0, 100.0, 100.0, 100.0, 100.0, 100.0, 100.0, 100.0, 100.0, 100.0, 100.0, 100.0, 100.0, 100.0, 100.0, 100.0, 100.0, 100.0, 100.0, 100.0, 100.0, 100.0, 52.4000256, 52.0, 0.0, 0.0, 0.0, 0.0, 0.0, 0.0, 0.0, 0.0, 0.0, 0.0, 0.0, 0.0, 1.9666645333333335, 4.0], "brake": [0, 0, 0, 0, 0, 0, 0, 0, 0, 0, 0, 0, 0, 0, 0, 0, 0, 0, 0, 0, 0, 0, 0, 0, 0, 0, 0, 0, 0, 0, 0, 0, 0, 0, 0, 0, 0, 0, 1, 1, 1, 1, 1, 1, 1, 1, 1, 1, 1, 1, 1, 1, 1], "drs": [1, 1, 1, 1, 1, 1, 1, 1, 1, 1, 1, 1, 1, 1, 1, 1, 1, 1, 1, 1, 1, 1, 1, 1, 1, 1, 1, 1, 1, 1, 1, 1, 1, 1, 1, 1, 1, 1, 0, 0, 0, 0, 0, 0, 0, 0, 0, 0, 0, 0, 0, 0, 0], "distance": [0.19226525056899457, 0.5486111111111143, 7.563062611158761, 17.81527777777778, 29.32077107983307, 35.34861111111111, 51.570560185119795, 53.21527777777778, 71.21527777777777, 74.08026671871396, 89.41527777777777, 96.95142330853218, 107.9486111111111, 120.21782660763604, 126.61527777777778, 143.74679649325023, 145.48194444444445, 164.48194444444445, 167.5091393654528, 183.68194444444444, 191.55518999722347, 206.2375, 215.82088981806868, 225.77083333333331, 240.3423814618509, 245.4375, 265.0725483777363, 265.23749999999995, 281.6542991574421, 281.81999999999994, 301.7366666666666, 306.6633356701784, 321.8033333333333, 331.8137519276494, 342.00333333333333, 356.9431134492342, 362.13666666666666, 381.7139996151064, 381.86999999999995, 399.33666666666664, 403.2621344526579, 414.67, 420.9838835351041, 426.80333333333334, 434.4120239769473, 436.8033333333333, 444.61525649896345, 444.66999999999996, 450.4033333333333, 451.92279003566705, 456.13666666666666, 456.58227806646516, 456.13666666666666], "rel_distance": [0.00042150799227350317, 0.0012027340733649584, 0.016580694260840162, 0.03905688597228414, 0.06428067117274736, 0.07749565797775033, 0.11305944896292733, 0.1166652051164003, 0.15612706230832377, 0.16240805033297176, 0.1960273845801575, 0.21254906784194544, 0.236658481985175, 0.26355659475077514, 0.277581889443466, 0.31513975305628483, 0.3189437619816673, 0.3605979445731421, 0.36723454088786134, 0.4026905922445271, 0.41995130844678885, 0.45213970958996214, 0.4731496185019153, 0.4949631323945308, 0.5269087074674642, 0.5380788652523733, 0.5811252805323031, 0.5814869081634889, 0.6174778739356818, 0.6178411441015483, 0.6615049583092786, 0.6723058199008596, 0.7054976213269414, 0.7274437162714013, 0.7497825943978779, 0.7825354538096789, 0.7939214124421774, 0.8368412967205145, 0.8371833003266564, 0.8754759173054859, 0.8840818200378349, 0.9090915734319394, 0.9229336606757568, 0.9356917882798285, 0.9523725140351518, 0.9576150422753413, 0.9747413198506956, 0.9748613354184783, 0.9874306677092392, 0.9907618112312839, 1.0, 1.000976925190108, 1.0], "acc_x": [3.048950065923438, 4.977962411602446, 5.546391382795925, 5.198043786008226, 5.092592592592611, 5.295783374485616, 4.621364375333777, 3.6221432177413204, 2.8505382794697134, 3.3912137395268958, 4.495886090534967, 4.657921975308636, 4.020060576131684, 3.143003786008229, 2.98096790123458, 3.0133629629629786, 2.7857474020783464, 2.7857474020783277, 2.9771185484628195, 2.814154215167562, 2.5132275132275192, 2.675263774250424, 2.9423868783068534, 2.8575111111110996, 2.4717079835390967, 2.3148141563786124, 1.5508873705546442, 0.779283090719246, 1.1602830394923518, 2.161128874119039, 2.546931343254853, 1.9331639870743342, 1.6962449382716154, 1.3930219315413577, 0.4683819315413492, -2.2193741178413857, -4.616768395061769, -17.25897449647998, -28.309934496479954, -38.340798694010786, -40.08643950617282, -45.63784691358022, -48.14814814814809, -45.72017777777776, -39.54732773662552, -37.03702650205764, -37.03703303200352, -34.6341932894123, -22.28851427706664, -22.993226101030192, -46.22940971193425, -79.40845686838034, -66.3580595021252], "acc_y": [-0.0804276818563436, -0.11651843391382652, 0.026740911510872406, 0.15139600260129124, 0.027573514882662256, -0.12960000471645944, -0.1602525614602133, -0.08525340929642719, 0.04946108391811466, 0.2711329802450148, 0.3670976805956868, 0.1369344226473717, -0.09216153349703732, -0.09896126286745027, -0.07906093869445482, -0.06839656110084283, -0.08011846606635356, -0.029423082763315678, 0.06045331925209055, 0.08579260596758574, 0.08116137660493797, 0.08281980039355213, -0.05567106416726034, -0.21440904502496005, -0.21530013952240945, -0.24478922341865672, -0.17280758853464215, -0.10658834858141142, -0.18238349880584342, -0.25125776410285033, -0.3264603301099876, -0.20521224004582317, 0.05350323331113145, 0.4531628825244695, 0.7326978185962315, -0.6140651793095289, -4.882036870417748, -11.713037062448642, -22.863238475388364, -28.51822037172184, -34.40967018058048, -38.420350231492776, -40.5447740475535, -42.90283462123095, -42.72729900189226, -40.0926254441444, -34.042532654478514, -22.731921834355518, -16.89895493074953, -10.859640130305197, -6.811664376466032, -5.10519510347226, -3.0745816951645413], "acc_z": [0.7367638839613985, 0.7418821062103572, 0.5311304131280322, 0.3768190282378891, 0.7975343062949845, 1.2982193787484162, 1.0847456567709122, 0.6010946101177205, 0.20228271097647677, 0.07027112793534646, 0.1871977271329171, 1.1911083407736587, 2.0026054131822755, 1.1667383138546417, 0.10195994370903516, 0.03699345433533291, 0.29611683179102916, 0.6532530312520116, 0.8844268212196952, 0.7865927952430102, -0.23920945347820008, -1.0497893998271042, -0.23445566530907058, 0.816873556673658, 0.45303532322930257, 0.050929032570359134, -0.05352035619773049, -0.08618154501125153, 0.16933798647729464, 0.8098050787780695, 1.0928452984274462, 0.31078845411091716, -0.5311936829468601, -0.8133947343907617, -1.2204413905741962, -1.3326009872579594, -1.5140206677282617, -1.6953558205235721, -2.0230839867757853, -2.160860854514733, -1.8852690577623419, -1.6230689377355914, -0.9384843583299677, -0.21539630639723062, -0.13738415692155345, -0.11003874438338399, -0.21589159762587676, -0.2959871955116447, -0.28785628859164336, -0.18157315427500065, -0.08902706153452743, -0.009313272864368106, 0.07675162204527278],