{"tel": {"time": [0.0, 0.005, 0.103, 0.245, 0.403, 0.485, 0.703, 0.725, 0.965, 1.003, 1.205, 1.303, 1.445, 1.603, 1.685, 1.903, 1.925, 2.165, 2.203, 2.405, 2.503, 2.685, 2.803, 2.925, 3.103, 3.165, 3.403, 3.405, 3.604, 3.606, 3.845, 3.904, 4.085, 4.204, 4.325, 4.503, 4.565, 4.803, 4.805, 5.045, 5.103, 5.285, 5.403, 5.525, 5.703, 5.765, 6.003, 6.005, 6.245, 6.303, 6.485, 6.603, 6.725], "rpm": [11784, 11831, 11131, 10431, 10564, 10698, 10768, 10839, 11032, 11085, 11138, 11228, 11318, 11365, 11412, 11466, 11521, 11670, 11707, 11745, 11112, 10480, 10514, 10549, 10578, 10608, 10658, 10708, 10714, 10720, 10784, 10823, 10862, 10946, 11030, 11080, 11131, 10830, 10529, 8849, 8009, 7169, 6329, 5489, 4649, 3809, 3715, 3621, 3698, 3698, 3698, 4250, 4803], "speed": [253, 254, 256, 259, 261, 263, 265, 268, 270, 271, 273, 275, 278, 279, 280, 281, 283, 285, 286, 288, 289, 290, 291, 293, 294, 295, 296, 297, 297, 297, 300, 300, 301, 302, 303, 302, 302, 299, 296, 262, 246, 230, 206, 182, 166, 150, 134, 118, 86, 86, 86, 43, 0], "gear": [6, 6, 6, 7, 7, 7, 7, 7, 7, 7, 7, 7, 7, 7, 7, 7, 7, 7, 7, 7, 7, 7, 7, 8, 8, 8, 8, 8, 8, 8, 8, 8, 8, 8, 8, 8, 8, 8, 8, 8, 8, 8, 8, 8, 8, 8, 8, 8, 8, 8, 8, 8, 8], "throttle": [100, 100, 100, 100, 100, 100, 100, 100, 100, 100, 100, 100, 100, 100, 100, 100, 100, 100, 100, 100, 100, 100, 100, 100, 100, 100, 100, 100, 100, 100, 100, 100, 100, 100, 100, 100, 100, 76, 52, 0, 0, 0, 0, 0, 0, 0, 0, 0, 0, 0, 0, 2, 4], "brake": [0, 0, 0, 0, 0, 0, 0, 0, 0, 0, 0, 0, 0, 0, 0, 0, 0, 0, 0, 0, 0, 0, 0, 0, 0, 0, 0, 0, 0, 0, 0, 0, 0, 0, 0, 0, 0, 0, 1, 1, 1, 1, 1, 1, 1, 1, 1, 1, 1, 1, 1, 1, 1], "drs": [1, 1, 1, 1, 1, 1, 1, 1, 1, 1, 1, 1, 1, 1, 1, 1, 1, 1, 1, 1, 1, 1, 1, 1, 1, 1, 1, 1, 1, 1, 1, 1, 1, 1, 1, 1, 1, 1, 0, 0, 0, 0, 0, 0, 0, 0, 0, 0, 0, 0, 0, 0, 0], "distance": [0.19226525056899457, 0.5486111111111143, 7.563062611158761, 17.81527777777778, 29.32077107983307, 35.34861111111111, 51.570560185119795, 53.21527777777778, 71.21527777777777, 74.08026671871396, 89.41527777777777, 96.95142330853218, 107.9486111111111, 120.21782660763604, 126.61527777777778, 143.74679649325023, 145.48194444444445, 164.48194444444445, 167.5091393654528, 183.68194444444444, 191.55518999722347, 206.2375, 215.82088981806868, 225.77083333333331, 240.3423814618509, 245.4375, 265.0725483777363, 265.23749999999995, 281.6542991574421, 281.81999999999994, 301.7366666666666, 306.6633356701784, 321.8033333333333, 331.8137519276494, 342.00333333333333, 356.9431134492342, 362.13666666666666, 381.7139996151064, 381.86999999999995, 399.33666666666664, 403.2621344526579, 414.67, 420.9838835351041, 426.80333333333334, 434.4120239769473, 436.8033333333333, 444.61525649896345, 444.66999999999996, 450.4033333333333, 451.92279003566705, 456.13666666666666, 456.58227806646516, 456.13666666666666], "rel_distance": [0.00042150799227350317, 0.0012027340733649584, 0.016580694260840162, 0.03905688597228414, 0.06428067117274736, 0.07749565797775033, 0.11305944896292733, 0.1166652051164003, 0.15612706230832377, 0.16240805033297176, 0.1960273845801575, 0.21254906784194544, 0.236658481985175, 0.26355659475077514, 0.277581889443466, 0.31513975305628483, 0.3189437619816673, 0.3605979445731421, 0.36723454088786134, 0.4026905922445271, 0.41995130844678885, 0.45213970958996214, 0.4731496185019153, 0.4949631323945308, 0.5269087074674642, 0.5380788652523733, 0.5811252805323031, 0.5814869081634889, 0.6174778739356818, 0.6178411441015483, 0.6615049583092786, 0.6723058199008596, 0.7054976213269414, 0.7274437162714013, 0.7497825943978779, 0.7825354538096789, 0.7939214124421774, 0.8368412967205145, 0.8371833003266564, 0.8754759173054859, 0.8840818200378349, 0.9090915734319394, 0.9229336606757568, 0.9356917882798285, 0.9523725140351518, 0.9576150422753413, 0.9747413198506956, 0.9748613354184783, 0.9874306677092392, 0.9907618112312839, 1.0, 1.000976925190108, 1.0], "acc_x": [21.215390147429538, 23.144402493108547, 6.1690938511327085, 5.015432098765428, 4.320987654320992, 4.706790123456793, 4.930614456695877, 4.695247194949709, 3.9236422566781015, 3.391175948130375, 4.320987654320979, 4.398148148148151, 3.935185185185186, 2.6234567901234636, 2.5462962962963136, 3.188318725850551, 3.5702354147216693, 3.570235414721651, 3.082533972821726, 2.744708994708984, 2.2045855379188684, 2.43606701940035, 2.7006172839506233, 2.8549382716049436, 2.314814814814812, 2.1604938271604848, 1.8495485535286553, 1.232264602911385, 1.613264551684491, 2.084745080929869, 2.4705475500656826, 1.9352266136382545, 1.7746913580247061, 1.3888888888888924, 0.3858024691357933, -1.3117283950617342, -3.626543209876562, -17.397459442914005, -32.00720341507409, -42.03806761260492, -40.22702792277734, -43.20987654320984, -43.20987654320983, -43.209876543209866, -34.56790123456791, -34.56790123456793, -40.587695133149666, -40.653980658048155, -28.308301645702496, -23.214433673046653, -46.45061728395072, -79.08571139445469, -65.81410645618308], "acc_y": [-0.07997104014234843, -0.11606179219983137, 0.02448852991680131, 0.14914362100722015, 0.02532113328859116, -0.13246313727340248, -0.16311569401715634, -0.08813894763051373, 0.046575545584028114, 0.26750002070402257, 0.3634647210546946, 0.137067712080144, -0.09202824406426502, -0.09882797343467792, -0.07882226595911024, -0.06815788836549824, -0.07969184586411122, -0.028996462561073355, 0.06046216344355451, 0.08580145015904965, 0.08041322112338761, 0.08207164491200178, -0.054640066088330025, -0.21287267928573006, -0.21376377378317934, -0.24341380251957645, -0.171432167635562, -0.10497119358028234, -0.18076634380471424, -0.24994968751051108, -0.3251522535176484, -0.20543067184560507, 0.05328480151134958, 0.46131538470561373, 0.7408503207773758, -0.6059126771283845, -4.618478084493421, -11.449478276524314, -22.555870945567847, -28.21085284190132, -34.70717016495352, -38.71785021586581, -41.33487732199225, -43.6929378956697, -43.51740227633101, -41.137672777774284, -35.0875799881084, -23.820769059465487, -17.9878021558595, -11.343872486389971, -7.295896732550807, -5.10519510347226, -3.0745816951645413], "acc_z": [0.7360333141029098, 0.7411515363518686, 0.5343851417300516, 0.38007375683990846, 0.8007890348970038, 1.3034196888381855, 1.0899459668606815, 0.6064465048932395, 0.20763460575199583, 0.0762715418144542, 0.19319814101202493, 1.1834743167756177, 1.9949713891842347, 1.1591042898566004, 0.09030364357677267, 0.025337154203070644, 0.2843820222423927, 0.6415182217033751, 0.8719352439979686, 0.7741012180212834, -0.24128884473417161, -1.0518687910830757, -0.23918072905123, 0.81422518757797, 0.4503869541336148, 0.04828066347467136, -0.05616872529341849, -0.08839559509367811, 0.1671239363948681, 0.8068504884678311, 1.0898907081172078, 0.31113201565482, -0.5308501214029573, -0.8283587972931538, -1.2354054534765881, -1.3475650501603513, -1.5300000309184483, -1.711335183713759, -2.039396023311074, -2.1771728910500223, -1.9128739137468318, -1.6506737937200815, -0.9734013910629871, -0.25031333913024995, -0.17230118965457275, -0.1436090526832556, -0.24946190592574838, -0.32924733678771706, -0.32111642986771577, -0.20419295546982463, -0.11164686272935141, -0.009313272864368106, 0.07675162204527278], "x": [-1849.3164291100647, -1846.7056588254393, -1800.0, -1746.959598690504, -1689.0, -1650.520132416657, -1536.0, -1525.5592016644312, -1424.1528102845054, -1408.0, -1317.5650686111396, -1273.0, -1209.1885530415645, -1138.0, -1100.4050167401597, -1004.0, -995.3169994229928, -908.3337441906301, -893.0, -799.3764544666878, -752.0, -666.5802965283614, -611.0, -552.1828751896446, -466.0, -436.6566729938063, -326.0, -325.0672323951941, -232.0, -231.06818920063787, -119.65510504566117, -91.0, 1.0828326164587345, 60.0, 115.56326646181851, 195.0, 224.13981907488255, 342.0, 343.0144086474108, 465.314483033768, 493.0, 572.9692946673032, 633.0, 710.154036808759, 837.0, 880.254278034886, 1043.0, 1044.3681445819352, 1210.6441237594336, 1253.0, 1393.1742306053527, 1482.0, 1567.33921557725],